00:18:36.323 [main] DEBUG com.intuit.karate.Suite - [config] classpath:karate-config.js
00:18:37.591 [pool-2-thread-1] INFO  com.intuit.karate - karate.env system property was: null 
00:18:37.591 [pool-2-thread-2] INFO  com.intuit.karate - karate.env system property was: null 
00:18:37.963 [pool-2-thread-1] DEBUG com.intuit.karate - request:
1 > GET https://jsonplaceholder.typicode.com/users
1 > Host: jsonplaceholder.typicode.com
1 > Connection: Keep-Alive
1 > User-Agent: Apache-HttpClient/4.5.14 (Java/21.0.8)
1 > Accept-Encoding: gzip,deflate


00:18:37.963 [pool-2-thread-2] DEBUG com.intuit.karate - request:
1 > POST https://jsonplaceholder.typicode.com/users
1 > Content-Type: application/json; charset=UTF-8
1 > Content-Length: 160
1 > Host: jsonplaceholder.typicode.com
1 > Connection: Keep-Alive
1 > User-Agent: Apache-HttpClient/4.5.14 (Java/21.0.8)
1 > Accept-Encoding: gzip,deflate
{"name":"Test User","username":"testuser","email":"test@user.com","address":{"street":"Has No Name","suite":"Apt. 123","city":"Electri","zipcode":"54321-6789"}}

00:18:38.511 [pool-2-thread-2] DEBUG com.intuit.karate - response time in milliseconds: 540
1 < 201
1 < Date: Sat, 07 Feb 2026 05:18:38 GMT
1 < Content-Type: application/json; charset=utf-8
1 < Content-Length: 216
1 < Connection: keep-alive
1 < access-control-allow-credentials: true
1 < access-control-expose-headers: Location
1 < Cache-Control: no-cache
1 < etag: W/"d8-pYV7+YuMGP2hxHPU9ARrf97ifDA"
1 < expires: -1
1 < location: https://jsonplaceholder.typicode.com/users/11
1 < nel: {"report_to":"heroku-nel","response_headers":["Via"],"max_age":3600,"success_fraction":0.01,"failure_fraction":0.1}
1 < pragma: no-cache
1 < report-to: {"group":"heroku-nel","endpoints":[{"url":"https://nel.heroku.com/reports?s=%2FzsUxS8JwCfbDfaNMfIayfD38xuEznsNjGeh%2FFSt4eY%3D\u0026sid=e11707d5-02a7-43ef-b45e-2cf4d2036f7d\u0026ts=1770441518"}],"max_age":3600}
1 < reporting-endpoints: heroku-nel="https://nel.heroku.com/reports?s=%2FzsUxS8JwCfbDfaNMfIayfD38xuEznsNjGeh%2FFSt4eY%3D&sid=e11707d5-02a7-43ef-b45e-2cf4d2036f7d&ts=1770441518"
1 < Server: cloudflare
1 < vary: Origin, X-HTTP-Method-Override, Accept-Encoding
1 < via: 2.0 heroku-router
1 < x-content-type-options: nosniff
1 < x-powered-by: Express
1 < x-ratelimit-limit: 1000
1 < x-ratelimit-remaining: 999
1 < x-ratelimit-reset: 1770441521
1 < cf-cache-status: DYNAMIC
1 < Server-Timing: cfCacheStatus;desc="DYNAMIC"
1 < Server-Timing: cfEdge;dur=4,cfOrigin;dur=72
1 < CF-RAY: 9ca06d84efa37442-MIA
1 < alt-svc: h3=":443"; ma=86400
{
  "name": "Test User",
  "username": "testuser",
  "email": "test@user.com",
  "address": {
    "street": "Has No Name",
    "suite": "Apt. 123",
    "city": "Electri",
    "zipcode": "54321-6789"
  },
  "id": 11
}

00:18:38.511 [pool-2-thread-1] DEBUG com.intuit.karate - response time in milliseconds: 481
1 < 200
1 < Date: Sat, 07 Feb 2026 05:18:38 GMT
1 < Content-Type: application/json; charset=utf-8
1 < Connection: keep-alive
1 < access-control-allow-credentials: true
1 < Cache-Control: max-age=43200
1 < etag: W/"160d-1eMSsxeJRfnVLRBmYJSbCiJZ1qQ"
1 < expires: -1
1 < nel: {"report_to":"heroku-nel","response_headers":["Via"],"max_age":3600,"success_fraction":0.01,"failure_fraction":0.1}
1 < pragma: no-cache
1 < report-to: {"group":"heroku-nel","endpoints":[{"url":"https://nel.heroku.com/reports?s=B%2FuQuBbpSjAYjlm%2F6L0%2Fq1k%2F9xvTexo8XnPe4S655Qk%3D\u0026sid=e11707d5-02a7-43ef-b45e-2cf4d2036f7d\u0026ts=1761678399"}],"max_age":3600}
1 < reporting-endpoints: heroku-nel="https://nel.heroku.com/reports?s=B%2FuQuBbpSjAYjlm%2F6L0%2Fq1k%2F9xvTexo8XnPe4S655Qk%3D&sid=e11707d5-02a7-43ef-b45e-2cf4d2036f7d&ts=1761678399"
1 < Server: cloudflare
1 < vary: Origin, Accept-Encoding
1 < via: 2.0 heroku-router
1 < x-content-type-options: nosniff
1 < x-powered-by: Express
1 < x-ratelimit-limit: 1000
1 < x-ratelimit-remaining: 999
1 < x-ratelimit-reset: 1761678430
1 < Age: 12397
1 < Accept-Ranges: bytes
1 < cf-cache-status: HIT
1 < Server-Timing: cfCacheStatus;desc="HIT"
1 < Server-Timing: cfEdge;dur=3,cfOrigin;dur=0
1 < CF-RAY: 9ca06d84ea366dbb-MIA
1 < alt-svc: h3=":443"; ma=86400
[
  {
    "id": 1,
    "name": "Leanne Graham",
    "username": "Bret",
    "email": "Sincere@april.biz",
    "address": {
      "street": "Kulas Light",
      "suite": "Apt. 556",
      "city": "Gwenborough",
      "zipcode": "92998-3874",
      "geo": {
        "lat": "-37.3159",
        "lng": "81.1496"
      }
    },
    "phone": "1-770-736-8031 x56442",
    "website": "hildegard.org",
    "company": {
      "name": "Romaguera-Crona",
      "catchPhrase": "Multi-layered client-server neural-net",
      "bs": "harness real-time e-markets"
    }
  },
  {
    "id": 2,
    "name": "Ervin Howell",
    "username": "Antonette",
    "email": "Shanna@melissa.tv",
    "address": {
      "street": "Victor Plains",
      "suite": "Suite 879",
      "city": "Wisokyburgh",
      "zipcode": "90566-7771",
      "geo": {
        "lat": "-43.9509",
        "lng": "-34.4618"
      }
    },
    "phone": "010-692-6593 x09125",
    "website": "anastasia.net",
    "company": {
      "name": "Deckow-Crist",
      "catchPhrase": "Proactive didactic contingency",
      "bs": "synergize scalable supply-chains"
    }
  },
  {
    "id": 3,
    "name": "Clementine Bauch",
    "username": "Samantha",
    "email": "Nathan@yesenia.net",
    "address": {
      "street": "Douglas Extension",
      "suite": "Suite 847",
      "city": "McKenziehaven",
      "zipcode": "59590-4157",
      "geo": {
        "lat": "-68.6102",
        "lng": "-47.0653"
      }
    },
    "phone": "1-463-123-4447",
    "website": "ramiro.info",
    "company": {
      "name": "Romaguera-Jacobson",
      "catchPhrase": "Face to face bifurcated interface",
      "bs": "e-enable strategic applications"
    }
  },
  {
    "id": 4,
    "name": "Patricia Lebsack",
    "username": "Karianne",
    "email": "Julianne.OConner@kory.org",
    "address": {
      "street": "Hoeger Mall",
      "suite": "Apt. 692",
      "city": "South Elvis",
      "zipcode": "53919-4257",
      "geo": {
        "lat": "29.4572",
        "lng": "-164.2990"
      }
    },
    "phone": "493-170-9623 x156",
    "website": "kale.biz",
    "company": {
      "name": "Robel-Corkery",
      "catchPhrase": "Multi-tiered zero tolerance productivity",
      "bs": "transition cutting-edge web services"
    }
  },
  {
    "id": 5,
    "name": "Chelsey Dietrich",
    "username": "Kamren",
    "email": "Lucio_Hettinger@annie.ca",
    "address": {
      "street": "Skiles Walks",
      "suite": "Suite 351",
      "city": "Roscoeview",
      "zipcode": "33263",
      "geo": {
        "lat": "-31.8129",
        "lng": "62.5342"
      }
    },
    "phone": "(254)954-1289",
    "website": "demarco.info",
    "company": {
      "name": "Keebler LLC",
      "catchPhrase": "User-centric fault-tolerant solution",
      "bs": "revolutionize end-to-end systems"
    }
  },
  {
    "id": 6,
    "name": "Mrs. Dennis Schulist",
    "username": "Leopoldo_Corkery",
    "email": "Karley_Dach@jasper.info",
    "address": {
      "street": "Norberto Crossing",
      "suite": "Apt. 950",
      "city": "South Christy",
      "zipcode": "23505-1337",
      "geo": {
        "lat": "-71.4197",
        "lng": "71.7478"
      }
    },
    "phone": "1-477-935-8478 x6430",
    "website": "ola.org",
    "company": {
      "name": "Considine-Lockman",
      "catchPhrase": "Synchronised bottom-line interface",
      "bs": "e-enable innovative applications"
    }
  },
  {
    "id": 7,
    "name": "Kurtis Weissnat",
    "username": "Elwyn.Skiles",
    "email": "Telly.Hoeger@billy.biz",
    "address": {
      "street": "Rex Trail",
      "suite": "Suite 280",
      "city": "Howemouth",
      "zipcode": "58804-1099",
      "geo": {
        "lat": "24.8918",
        "lng": "21.8984"
      }
    },
    "phone": "210.067.6132",
    "website": "elvis.io",
    "company": {
      "name": "Johns Group",
      "catchPhrase": "Configurable multimedia task-force",
      "bs": "generate enterprise e-tailers"
    }
  },
  {
    "id": 8,
    "name": "Nicholas Runolfsdottir V",
    "username": "Maxime_Nienow",
    "email": "Sherwood@rosamond.me",
    "address": {
      "street": "Ellsworth Summit",
      "suite": "Suite 729",
      "city": "Aliyaview",
      "zipcode": "45169",
      "geo": {
        "lat": "-14.3990",
        "lng": "-120.7677"
      }
    },
    "phone": "586.493.6943 x140",
    "website": "jacynthe.com",
    "company": {
      "name": "Abernathy Group",
      "catchPhrase": "Implemented secondary concept",
      "bs": "e-enable extensible e-tailers"
    }
  },
  {
    "id": 9,
    "name": "Glenna Reichert",
    "username": "Delphine",
    "email": "Chaim_McDermott@dana.io",
    "address": {
      "street": "Dayna Park",
      "suite": "Suite 449",
      "city": "Bartholomebury",
      "zipcode": "76495-3109",
      "geo": {
        "lat": "24.6463",
        "lng": "-168.8889"
      }
    },
    "phone": "(775)976-6794 x41206",
    "website": "conrad.com",
    "company": {
      "name": "Yost and Sons",
      "catchPhrase": "Switchable contextually-based project",
      "bs": "aggregate real-time technologies"
    }
  },
  {
    "id": 10,
    "name": "Clementina DuBuque",
    "username": "Moriah.Stanton",
    "email": "Rey.Padberg@karina.biz",
    "address": {
      "street": "Kattie Turnpike",
      "suite": "Suite 198",
      "city": "Lebsackbury",
      "zipcode": "31428-2261",
      "geo": {
        "lat": "-38.2386",
        "lng": "57.2232"
      }
    },
    "phone": "024-648-3804",
    "website": "ambrose.net",
    "company": {
      "name": "Hoeger LLC",
      "catchPhrase": "Centralized empowering task-force",
      "bs": "target end-to-end models"
    }
  }
]

00:18:38.519 [pool-2-thread-2] INFO  com.intuit.karate - [print] created id is:  11 
00:18:38.536 [pool-2-thread-1] DEBUG com.intuit.karate - request:
2 > GET https://jsonplaceholder.typicode.com/users/1
2 > Host: jsonplaceholder.typicode.com
2 > Connection: Keep-Alive
2 > User-Agent: Apache-HttpClient/4.5.14 (Java/21.0.8)
2 > Accept-Encoding: gzip,deflate


00:18:38.744 [pool-2-thread-1] DEBUG com.intuit.karate - response time in milliseconds: 208
2 < 200
2 < Date: Sat, 07 Feb 2026 05:18:39 GMT
2 < Content-Type: application/json; charset=utf-8
2 < Transfer-Encoding: chunked
2 < Connection: keep-alive
2 < access-control-allow-credentials: true
2 < Cache-Control: max-age=43200
2 < etag: W/"1fd-+2Y3G3w049iSZtw5t1mzSnunngE"
2 < expires: -1
2 < nel: {"report_to":"heroku-nel","response_headers":["Via"],"max_age":3600,"success_fraction":0.01,"failure_fraction":0.1}
2 < pragma: no-cache
2 < report-to: {"group":"heroku-nel","endpoints":[{"url":"https://nel.heroku.com/reports?s=88wSjWO3EHF6Z1BAv%2BnVsCYTqwJmC%2FzAt96t6FrbjfA%3D\u0026sid=e11707d5-02a7-43ef-b45e-2cf4d2036f7d\u0026ts=1770424445"}],"max_age":3600}
2 < reporting-endpoints: heroku-nel="https://nel.heroku.com/reports?s=88wSjWO3EHF6Z1BAv%2BnVsCYTqwJmC%2FzAt96t6FrbjfA%3D&sid=e11707d5-02a7-43ef-b45e-2cf4d2036f7d&ts=1770424445"
2 < Server: cloudflare
2 < vary: Origin, Accept-Encoding
2 < via: 2.0 heroku-router
2 < x-content-type-options: nosniff
2 < x-powered-by: Express
2 < x-ratelimit-limit: 1000
2 < x-ratelimit-remaining: 964
2 < x-ratelimit-reset: 1770424481
2 < Age: 17073
2 < Server-Timing: cfCacheStatus;desc="HIT"
2 < Server-Timing: cfEdge;dur=6,cfOrigin;dur=0
2 < cf-cache-status: HIT
2 < CF-RAY: 9ca06d86de915018-MIA
2 < alt-svc: h3=":443"; ma=86400
{
  "id": 1,
  "name": "Leanne Graham",
  "username": "Bret",
  "email": "Sincere@april.biz",
  "address": {
    "street": "Kulas Light",
    "suite": "Apt. 556",
    "city": "Gwenborough",
    "zipcode": "92998-3874",
    "geo": {
      "lat": "-37.3159",
      "lng": "81.1496"
    }
  },
  "phone": "1-770-736-8031 x56442",
  "website": "hildegard.org",
  "company": {
    "name": "Romaguera-Crona",
    "catchPhrase": "Multi-layered client-server neural-net",
    "bs": "harness real-time e-markets"
  }
}

00:18:39.508 [pool-3-thread-1] INFO  com.intuit.karate.Suite - <<pass>> feature 1 of 1 (0 remaining) classpath:examples/users/users.feature
00:38:01.834 [main] DEBUG com.intuit.karate.Suite - [config] classpath:karate-config.js
00:38:01.847 [main] INFO  com.intuit.karate.Suite - backed up existing 'target\karate-reports' dir to: target\karate-reports_1770442681845
00:38:03.106 [pool-2-thread-2] INFO  com.intuit.karate - karate.env system property was: null 
00:38:03.106 [pool-2-thread-1] INFO  com.intuit.karate - karate.env system property was: null 
00:38:03.465 [pool-2-thread-1] DEBUG com.intuit.karate - request:
1 > GET https://jsonplaceholder.typicode.com/users
1 > Host: jsonplaceholder.typicode.com
1 > Connection: Keep-Alive
1 > User-Agent: Apache-HttpClient/4.5.14 (Java/21.0.9)
1 > Accept-Encoding: gzip,deflate


00:38:03.465 [pool-2-thread-2] DEBUG com.intuit.karate - request:
1 > POST https://jsonplaceholder.typicode.com/users
1 > Content-Type: application/json; charset=UTF-8
1 > Content-Length: 160
1 > Host: jsonplaceholder.typicode.com
1 > Connection: Keep-Alive
1 > User-Agent: Apache-HttpClient/4.5.14 (Java/21.0.9)
1 > Accept-Encoding: gzip,deflate
{"name":"Test User","username":"testuser","email":"test@user.com","address":{"street":"Has No Name","suite":"Apt. 123","city":"Electri","zipcode":"54321-6789"}}

00:38:04.006 [pool-2-thread-1] DEBUG com.intuit.karate - response time in milliseconds: 538
1 < 200
1 < Date: Sat, 07 Feb 2026 05:38:04 GMT
1 < Content-Type: application/json; charset=utf-8
1 < Connection: keep-alive
1 < access-control-allow-credentials: true
1 < Cache-Control: max-age=43200
1 < etag: W/"160d-1eMSsxeJRfnVLRBmYJSbCiJZ1qQ"
1 < expires: -1
1 < nel: {"report_to":"heroku-nel","response_headers":["Via"],"max_age":3600,"success_fraction":0.01,"failure_fraction":0.1}
1 < pragma: no-cache
1 < report-to: {"group":"heroku-nel","endpoints":[{"url":"https://nel.heroku.com/reports?s=JGNyhR2l4Y%2FfBHU6jRw2wlk4GjSE0EpQXX8ZTMaPTvk%3D\u0026sid=e11707d5-02a7-43ef-b45e-2cf4d2036f7d\u0026ts=1769747302"}],"max_age":3600}
1 < reporting-endpoints: heroku-nel="https://nel.heroku.com/reports?s=JGNyhR2l4Y%2FfBHU6jRw2wlk4GjSE0EpQXX8ZTMaPTvk%3D&sid=e11707d5-02a7-43ef-b45e-2cf4d2036f7d&ts=1769747302"
1 < Server: cloudflare
1 < vary: Origin, Accept-Encoding
1 < via: 2.0 heroku-router
1 < x-content-type-options: nosniff
1 < x-powered-by: Express
1 < x-ratelimit-limit: 1000
1 < x-ratelimit-remaining: 999
1 < x-ratelimit-reset: 1769747355
1 < Age: 1814
1 < Accept-Ranges: bytes
1 < cf-cache-status: HIT
1 < Server-Timing: cfCacheStatus;desc="HIT"
1 < Server-Timing: cfEdge;dur=8,cfOrigin;dur=0
1 < CF-RAY: 9ca089f95a9f00d6-FOR
1 < alt-svc: h3=":443"; ma=86400
[
  {
    "id": 1,
    "name": "Leanne Graham",
    "username": "Bret",
    "email": "Sincere@april.biz",
    "address": {
      "street": "Kulas Light",
      "suite": "Apt. 556",
      "city": "Gwenborough",
      "zipcode": "92998-3874",
      "geo": {
        "lat": "-37.3159",
        "lng": "81.1496"
      }
    },
    "phone": "1-770-736-8031 x56442",
    "website": "hildegard.org",
    "company": {
      "name": "Romaguera-Crona",
      "catchPhrase": "Multi-layered client-server neural-net",
      "bs": "harness real-time e-markets"
    }
  },
  {
    "id": 2,
    "name": "Ervin Howell",
    "username": "Antonette",
    "email": "Shanna@melissa.tv",
    "address": {
      "street": "Victor Plains",
      "suite": "Suite 879",
      "city": "Wisokyburgh",
      "zipcode": "90566-7771",
      "geo": {
        "lat": "-43.9509",
        "lng": "-34.4618"
      }
    },
    "phone": "010-692-6593 x09125",
    "website": "anastasia.net",
    "company": {
      "name": "Deckow-Crist",
      "catchPhrase": "Proactive didactic contingency",
      "bs": "synergize scalable supply-chains"
    }
  },
  {
    "id": 3,
    "name": "Clementine Bauch",
    "username": "Samantha",
    "email": "Nathan@yesenia.net",
    "address": {
      "street": "Douglas Extension",
      "suite": "Suite 847",
      "city": "McKenziehaven",
      "zipcode": "59590-4157",
      "geo": {
        "lat": "-68.6102",
        "lng": "-47.0653"
      }
    },
    "phone": "1-463-123-4447",
    "website": "ramiro.info",
    "company": {
      "name": "Romaguera-Jacobson",
      "catchPhrase": "Face to face bifurcated interface",
      "bs": "e-enable strategic applications"
    }
  },
  {
    "id": 4,
    "name": "Patricia Lebsack",
    "username": "Karianne",
    "email": "Julianne.OConner@kory.org",
    "address": {
      "street": "Hoeger Mall",
      "suite": "Apt. 692",
      "city": "South Elvis",
      "zipcode": "53919-4257",
      "geo": {
        "lat": "29.4572",
        "lng": "-164.2990"
      }
    },
    "phone": "493-170-9623 x156",
    "website": "kale.biz",
    "company": {
      "name": "Robel-Corkery",
      "catchPhrase": "Multi-tiered zero tolerance productivity",
      "bs": "transition cutting-edge web services"
    }
  },
  {
    "id": 5,
    "name": "Chelsey Dietrich",
    "username": "Kamren",
    "email": "Lucio_Hettinger@annie.ca",
    "address": {
      "street": "Skiles Walks",
      "suite": "Suite 351",
      "city": "Roscoeview",
      "zipcode": "33263",
      "geo": {
        "lat": "-31.8129",
        "lng": "62.5342"
      }
    },
    "phone": "(254)954-1289",
    "website": "demarco.info",
    "company": {
      "name": "Keebler LLC",
      "catchPhrase": "User-centric fault-tolerant solution",
      "bs": "revolutionize end-to-end systems"
    }
  },
  {
    "id": 6,
    "name": "Mrs. Dennis Schulist",
    "username": "Leopoldo_Corkery",
    "email": "Karley_Dach@jasper.info",
    "address": {
      "street": "Norberto Crossing",
      "suite": "Apt. 950",
      "city": "South Christy",
      "zipcode": "23505-1337",
      "geo": {
        "lat": "-71.4197",
        "lng": "71.7478"
      }
    },
    "phone": "1-477-935-8478 x6430",
    "website": "ola.org",
    "company": {
      "name": "Considine-Lockman",
      "catchPhrase": "Synchronised bottom-line interface",
      "bs": "e-enable innovative applications"
    }
  },
  {
    "id": 7,
    "name": "Kurtis Weissnat",
    "username": "Elwyn.Skiles",
    "email": "Telly.Hoeger@billy.biz",
    "address": {
      "street": "Rex Trail",
      "suite": "Suite 280",
      "city": "Howemouth",
      "zipcode": "58804-1099",
      "geo": {
        "lat": "24.8918",
        "lng": "21.8984"
      }
    },
    "phone": "210.067.6132",
    "website": "elvis.io",
    "company": {
      "name": "Johns Group",
      "catchPhrase": "Configurable multimedia task-force",
      "bs": "generate enterprise e-tailers"
    }
  },
  {
    "id": 8,
    "name": "Nicholas Runolfsdottir V",
    "username": "Maxime_Nienow",
    "email": "Sherwood@rosamond.me",
    "address": {
      "street": "Ellsworth Summit",
      "suite": "Suite 729",
      "city": "Aliyaview",
      "zipcode": "45169",
      "geo": {
        "lat": "-14.3990",
        "lng": "-120.7677"
      }
    },
    "phone": "586.493.6943 x140",
    "website": "jacynthe.com",
    "company": {
      "name": "Abernathy Group",
      "catchPhrase": "Implemented secondary concept",
      "bs": "e-enable extensible e-tailers"
    }
  },
  {
    "id": 9,
    "name": "Glenna Reichert",
    "username": "Delphine",
    "email": "Chaim_McDermott@dana.io",
    "address": {
      "street": "Dayna Park",
      "suite": "Suite 449",
      "city": "Bartholomebury",
      "zipcode": "76495-3109",
      "geo": {
        "lat": "24.6463",
        "lng": "-168.8889"
      }
    },
    "phone": "(775)976-6794 x41206",
    "website": "conrad.com",
    "company": {
      "name": "Yost and Sons",
      "catchPhrase": "Switchable contextually-based project",
      "bs": "aggregate real-time technologies"
    }
  },
  {
    "id": 10,
    "name": "Clementina DuBuque",
    "username": "Moriah.Stanton",
    "email": "Rey.Padberg@karina.biz",
    "address": {
      "street": "Kattie Turnpike",
      "suite": "Suite 198",
      "city": "Lebsackbury",
      "zipcode": "31428-2261",
      "geo": {
        "lat": "-38.2386",
        "lng": "57.2232"
      }
    },
    "phone": "024-648-3804",
    "website": "ambrose.net",
    "company": {
      "name": "Hoeger LLC",
      "catchPhrase": "Centralized empowering task-force",
      "bs": "target end-to-end models"
    }
  }
]

00:38:04.035 [pool-2-thread-1] DEBUG com.intuit.karate - request:
2 > GET https://jsonplaceholder.typicode.com/users/1
2 > Host: jsonplaceholder.typicode.com
2 > Connection: Keep-Alive
2 > User-Agent: Apache-HttpClient/4.5.14 (Java/21.0.9)
2 > Accept-Encoding: gzip,deflate


00:38:04.237 [pool-2-thread-2] DEBUG com.intuit.karate - response time in milliseconds: 771
1 < 201
1 < Date: Sat, 07 Feb 2026 05:38:04 GMT
1 < Content-Type: application/json; charset=utf-8
1 < Content-Length: 216
1 < Connection: keep-alive
1 < access-control-allow-credentials: true
1 < access-control-expose-headers: Location
1 < Cache-Control: no-cache
1 < etag: W/"d8-pYV7+YuMGP2hxHPU9ARrf97ifDA"
1 < expires: -1
1 < location: https://jsonplaceholder.typicode.com/users/11
1 < nel: {"report_to":"heroku-nel","response_headers":["Via"],"max_age":3600,"success_fraction":0.01,"failure_fraction":0.1}
1 < pragma: no-cache
1 < report-to: {"group":"heroku-nel","endpoints":[{"url":"https://nel.heroku.com/reports?s=b9aGXUts86J2kobvqYRezMvcnd97K1dSXPkxizONSsw%3D\u0026sid=e11707d5-02a7-43ef-b45e-2cf4d2036f7d\u0026ts=1770442684"}],"max_age":3600}
1 < reporting-endpoints: heroku-nel="https://nel.heroku.com/reports?s=b9aGXUts86J2kobvqYRezMvcnd97K1dSXPkxizONSsw%3D&sid=e11707d5-02a7-43ef-b45e-2cf4d2036f7d&ts=1770442684"
1 < Server: cloudflare
1 < vary: Origin, X-HTTP-Method-Override, Accept-Encoding
1 < via: 2.0 heroku-router
1 < x-content-type-options: nosniff
1 < x-powered-by: Express
1 < x-ratelimit-limit: 1000
1 < x-ratelimit-remaining: 999
1 < x-ratelimit-reset: 1770442721
1 < cf-cache-status: DYNAMIC
1 < Server-Timing: cfCacheStatus;desc="DYNAMIC"
1 < Server-Timing: cfEdge;dur=90,cfOrigin;dur=159
1 < CF-RAY: 9ca089f95a24f622-FOR
1 < alt-svc: h3=":443"; ma=86400
{
  "name": "Test User",
  "username": "testuser",
  "email": "test@user.com",
  "address": {
    "street": "Has No Name",
    "suite": "Apt. 123",
    "city": "Electri",
    "zipcode": "54321-6789"
  },
  "id": 11
}

00:38:04.241 [pool-2-thread-2] INFO  com.intuit.karate - [print] created id is:  11 
00:38:04.311 [pool-2-thread-1] DEBUG com.intuit.karate - response time in milliseconds: 275
2 < 200
2 < Date: Sat, 07 Feb 2026 05:38:04 GMT
2 < Content-Type: application/json; charset=utf-8
2 < Transfer-Encoding: chunked
2 < Connection: keep-alive
2 < access-control-allow-credentials: true
2 < Cache-Control: max-age=43200
2 < etag: W/"1fd-+2Y3G3w049iSZtw5t1mzSnunngE"
2 < expires: -1
2 < nel: {"report_to":"heroku-nel","response_headers":["Via"],"max_age":3600,"success_fraction":0.01,"failure_fraction":0.1}
2 < pragma: no-cache
2 < report-to: {"group":"heroku-nel","endpoints":[{"url":"https://nel.heroku.com/reports?s=RDuQdeOzgMy2leY7KzPK8iqgLP9QUCOe4YmnxFJCIiA%3D\u0026sid=e11707d5-02a7-43ef-b45e-2cf4d2036f7d\u0026ts=1770195248"}],"max_age":3600}
2 < reporting-endpoints: heroku-nel="https://nel.heroku.com/reports?s=RDuQdeOzgMy2leY7KzPK8iqgLP9QUCOe4YmnxFJCIiA%3D&sid=e11707d5-02a7-43ef-b45e-2cf4d2036f7d&ts=1770195248"
2 < Server: cloudflare
2 < vary: Origin, Accept-Encoding
2 < via: 2.0 heroku-router
2 < x-content-type-options: nosniff
2 < x-powered-by: Express
2 < x-ratelimit-limit: 1000
2 < x-ratelimit-remaining: 999
2 < x-ratelimit-reset: 1770195259
2 < Age: 1813
2 < Server-Timing: cfCacheStatus;desc="HIT"
2 < Server-Timing: cfEdge;dur=8,cfOrigin;dur=0
2 < cf-cache-status: HIT
2 < CF-RAY: 9ca089fb5b66274f-FOR
2 < alt-svc: h3=":443"; ma=86400
{
  "id": 1,
  "name": "Leanne Graham",
  "username": "Bret",
  "email": "Sincere@april.biz",
  "address": {
    "street": "Kulas Light",
    "suite": "Apt. 556",
    "city": "Gwenborough",
    "zipcode": "92998-3874",
    "geo": {
      "lat": "-37.3159",
      "lng": "81.1496"
    }
  },
  "phone": "1-770-736-8031 x56442",
  "website": "hildegard.org",
  "company": {
    "name": "Romaguera-Crona",
    "catchPhrase": "Multi-layered client-server neural-net",
    "bs": "harness real-time e-markets"
  }
}

00:38:04.955 [pool-3-thread-1] INFO  com.intuit.karate.Suite - <<pass>> feature 1 of 1 (0 remaining) classpath:examples/users/users.feature
00:41:09.629 [main] DEBUG com.intuit.karate.Suite - [config] classpath:karate-config.js
00:41:10.749 [main] INFO  com.intuit.karate - karate.env system property was: null 
00:41:11.053 [main] DEBUG com.intuit.karate - request:
1 > GET https://jsonplaceholder.typicode.com/users
1 > Host: jsonplaceholder.typicode.com
1 > Connection: Keep-Alive
1 > User-Agent: Apache-HttpClient/4.5.14 (Java/21.0.9)
1 > Accept-Encoding: gzip,deflate


00:41:11.658 [main] DEBUG com.intuit.karate - response time in milliseconds: 439
1 < 200
1 < Date: Sat, 07 Feb 2026 05:41:12 GMT
1 < Content-Type: application/json; charset=utf-8
1 < Connection: keep-alive
1 < access-control-allow-credentials: true
1 < Cache-Control: max-age=43200
1 < etag: W/"160d-1eMSsxeJRfnVLRBmYJSbCiJZ1qQ"
1 < expires: -1
1 < nel: {"report_to":"heroku-nel","response_headers":["Via"],"max_age":3600,"success_fraction":0.01,"failure_fraction":0.1}
1 < pragma: no-cache
1 < report-to: {"group":"heroku-nel","endpoints":[{"url":"https://nel.heroku.com/reports?s=B%2FuQuBbpSjAYjlm%2F6L0%2Fq1k%2F9xvTexo8XnPe4S655Qk%3D\u0026sid=e11707d5-02a7-43ef-b45e-2cf4d2036f7d\u0026ts=1761678399"}],"max_age":3600}
1 < reporting-endpoints: heroku-nel="https://nel.heroku.com/reports?s=B%2FuQuBbpSjAYjlm%2F6L0%2Fq1k%2F9xvTexo8XnPe4S655Qk%3D&sid=e11707d5-02a7-43ef-b45e-2cf4d2036f7d&ts=1761678399"
1 < Server: cloudflare
1 < vary: Origin, Accept-Encoding
1 < via: 2.0 heroku-router
1 < x-content-type-options: nosniff
1 < x-powered-by: Express
1 < x-ratelimit-limit: 1000
1 < x-ratelimit-remaining: 999
1 < x-ratelimit-reset: 1761678430
1 < Age: 13750
1 < Accept-Ranges: bytes
1 < cf-cache-status: HIT
1 < Server-Timing: cfCacheStatus;desc="HIT"
1 < Server-Timing: cfEdge;dur=3,cfOrigin;dur=0
1 < CF-RAY: 9ca08e8e2e6af436-MIA
1 < alt-svc: h3=":443"; ma=86400
[
  {
    "id": 1,
    "name": "Leanne Graham",
    "username": "Bret",
    "email": "Sincere@april.biz",
    "address": {
      "street": "Kulas Light",
      "suite": "Apt. 556",
      "city": "Gwenborough",
      "zipcode": "92998-3874",
      "geo": {
        "lat": "-37.3159",
        "lng": "81.1496"
      }
    },
    "phone": "1-770-736-8031 x56442",
    "website": "hildegard.org",
    "company": {
      "name": "Romaguera-Crona",
      "catchPhrase": "Multi-layered client-server neural-net",
      "bs": "harness real-time e-markets"
    }
  },
  {
    "id": 2,
    "name": "Ervin Howell",
    "username": "Antonette",
    "email": "Shanna@melissa.tv",
    "address": {
      "street": "Victor Plains",
      "suite": "Suite 879",
      "city": "Wisokyburgh",
      "zipcode": "90566-7771",
      "geo": {
        "lat": "-43.9509",
        "lng": "-34.4618"
      }
    },
    "phone": "010-692-6593 x09125",
    "website": "anastasia.net",
    "company": {
      "name": "Deckow-Crist",
      "catchPhrase": "Proactive didactic contingency",
      "bs": "synergize scalable supply-chains"
    }
  },
  {
    "id": 3,
    "name": "Clementine Bauch",
    "username": "Samantha",
    "email": "Nathan@yesenia.net",
    "address": {
      "street": "Douglas Extension",
      "suite": "Suite 847",
      "city": "McKenziehaven",
      "zipcode": "59590-4157",
      "geo": {
        "lat": "-68.6102",
        "lng": "-47.0653"
      }
    },
    "phone": "1-463-123-4447",
    "website": "ramiro.info",
    "company": {
      "name": "Romaguera-Jacobson",
      "catchPhrase": "Face to face bifurcated interface",
      "bs": "e-enable strategic applications"
    }
  },
  {
    "id": 4,
    "name": "Patricia Lebsack",
    "username": "Karianne",
    "email": "Julianne.OConner@kory.org",
    "address": {
      "street": "Hoeger Mall",
      "suite": "Apt. 692",
      "city": "South Elvis",
      "zipcode": "53919-4257",
      "geo": {
        "lat": "29.4572",
        "lng": "-164.2990"
      }
    },
    "phone": "493-170-9623 x156",
    "website": "kale.biz",
    "company": {
      "name": "Robel-Corkery",
      "catchPhrase": "Multi-tiered zero tolerance productivity",
      "bs": "transition cutting-edge web services"
    }
  },
  {
    "id": 5,
    "name": "Chelsey Dietrich",
    "username": "Kamren",
    "email": "Lucio_Hettinger@annie.ca",
    "address": {
      "street": "Skiles Walks",
      "suite": "Suite 351",
      "city": "Roscoeview",
      "zipcode": "33263",
      "geo": {
        "lat": "-31.8129",
        "lng": "62.5342"
      }
    },
    "phone": "(254)954-1289",
    "website": "demarco.info",
    "company": {
      "name": "Keebler LLC",
      "catchPhrase": "User-centric fault-tolerant solution",
      "bs": "revolutionize end-to-end systems"
    }
  },
  {
    "id": 6,
    "name": "Mrs. Dennis Schulist",
    "username": "Leopoldo_Corkery",
    "email": "Karley_Dach@jasper.info",
    "address": {
      "street": "Norberto Crossing",
      "suite": "Apt. 950",
      "city": "South Christy",
      "zipcode": "23505-1337",
      "geo": {
        "lat": "-71.4197",
        "lng": "71.7478"
      }
    },
    "phone": "1-477-935-8478 x6430",
    "website": "ola.org",
    "company": {
      "name": "Considine-Lockman",
      "catchPhrase": "Synchronised bottom-line interface",
      "bs": "e-enable innovative applications"
    }
  },
  {
    "id": 7,
    "name": "Kurtis Weissnat",
    "username": "Elwyn.Skiles",
    "email": "Telly.Hoeger@billy.biz",
    "address": {
      "street": "Rex Trail",
      "suite": "Suite 280",
      "city": "Howemouth",
      "zipcode": "58804-1099",
      "geo": {
        "lat": "24.8918",
        "lng": "21.8984"
      }
    },
    "phone": "210.067.6132",
    "website": "elvis.io",
    "company": {
      "name": "Johns Group",
      "catchPhrase": "Configurable multimedia task-force",
      "bs": "generate enterprise e-tailers"
    }
  },
  {
    "id": 8,
    "name": "Nicholas Runolfsdottir V",
    "username": "Maxime_Nienow",
    "email": "Sherwood@rosamond.me",
    "address": {
      "street": "Ellsworth Summit",
      "suite": "Suite 729",
      "city": "Aliyaview",
      "zipcode": "45169",
      "geo": {
        "lat": "-14.3990",
        "lng": "-120.7677"
      }
    },
    "phone": "586.493.6943 x140",
    "website": "jacynthe.com",
    "company": {
      "name": "Abernathy Group",
      "catchPhrase": "Implemented secondary concept",
      "bs": "e-enable extensible e-tailers"
    }
  },
  {
    "id": 9,
    "name": "Glenna Reichert",
    "username": "Delphine",
    "email": "Chaim_McDermott@dana.io",
    "address": {
      "street": "Dayna Park",
      "suite": "Suite 449",
      "city": "Bartholomebury",
      "zipcode": "76495-3109",
      "geo": {
        "lat": "24.6463",
        "lng": "-168.8889"
      }
    },
    "phone": "(775)976-6794 x41206",
    "website": "conrad.com",
    "company": {
      "name": "Yost and Sons",
      "catchPhrase": "Switchable contextually-based project",
      "bs": "aggregate real-time technologies"
    }
  },
  {
    "id": 10,
    "name": "Clementina DuBuque",
    "username": "Moriah.Stanton",
    "email": "Rey.Padberg@karina.biz",
    "address": {
      "street": "Kattie Turnpike",
      "suite": "Suite 198",
      "city": "Lebsackbury",
      "zipcode": "31428-2261",
      "geo": {
        "lat": "-38.2386",
        "lng": "57.2232"
      }
    },
    "phone": "024-648-3804",
    "website": "ambrose.net",
    "company": {
      "name": "Hoeger LLC",
      "catchPhrase": "Centralized empowering task-force",
      "bs": "target end-to-end models"
    }
  }
]

00:41:11.770 [main] DEBUG com.intuit.karate - request:
2 > GET https://jsonplaceholder.typicode.com/users/1
2 > Host: jsonplaceholder.typicode.com
2 > Connection: Keep-Alive
2 > User-Agent: Apache-HttpClient/4.5.14 (Java/21.0.9)
2 > Accept-Encoding: gzip,deflate


00:41:11.985 [main] DEBUG com.intuit.karate - response time in milliseconds: 215
2 < 200
2 < Date: Sat, 07 Feb 2026 05:41:12 GMT
2 < Content-Type: application/json; charset=utf-8
2 < Transfer-Encoding: chunked
2 < Connection: keep-alive
2 < access-control-allow-credentials: true
2 < Cache-Control: max-age=43200
2 < etag: W/"1fd-+2Y3G3w049iSZtw5t1mzSnunngE"
2 < expires: -1
2 < nel: {"report_to":"heroku-nel","response_headers":["Via"],"max_age":3600,"success_fraction":0.01,"failure_fraction":0.1}
2 < pragma: no-cache
2 < report-to: {"group":"heroku-nel","endpoints":[{"url":"https://nel.heroku.com/reports?s=88wSjWO3EHF6Z1BAv%2BnVsCYTqwJmC%2FzAt96t6FrbjfA%3D\u0026sid=e11707d5-02a7-43ef-b45e-2cf4d2036f7d\u0026ts=1770424445"}],"max_age":3600}
2 < reporting-endpoints: heroku-nel="https://nel.heroku.com/reports?s=88wSjWO3EHF6Z1BAv%2BnVsCYTqwJmC%2FzAt96t6FrbjfA%3D&sid=e11707d5-02a7-43ef-b45e-2cf4d2036f7d&ts=1770424445"
2 < Server: cloudflare
2 < vary: Origin, Accept-Encoding
2 < via: 2.0 heroku-router
2 < x-content-type-options: nosniff
2 < x-powered-by: Express
2 < x-ratelimit-limit: 1000
2 < x-ratelimit-remaining: 964
2 < x-ratelimit-reset: 1770424481
2 < Age: 18426
2 < Server-Timing: cfCacheStatus;desc="HIT"
2 < Server-Timing: cfEdge;dur=3,cfOrigin;dur=0
2 < cf-cache-status: HIT
2 < CF-RAY: 9ca08e905c414878-MIA
2 < alt-svc: h3=":443"; ma=86400
{
  "id": 1,
  "name": "Leanne Graham",
  "username": "Bret",
  "email": "Sincere@april.biz",
  "address": {
    "street": "Kulas Light",
    "suite": "Apt. 556",
    "city": "Gwenborough",
    "zipcode": "92998-3874",
    "geo": {
      "lat": "-37.3159",
      "lng": "81.1496"
    }
  },
  "phone": "1-770-736-8031 x56442",
  "website": "hildegard.org",
  "company": {
    "name": "Romaguera-Crona",
    "catchPhrase": "Multi-layered client-server neural-net",
    "bs": "harness real-time e-markets"
  }
}

00:41:12.020 [main] INFO  com.intuit.karate - karate.env system property was: null 
00:41:12.089 [main] DEBUG com.intuit.karate - request:
1 > POST https://jsonplaceholder.typicode.com/users
1 > Content-Type: application/json; charset=UTF-8
1 > Content-Length: 160
1 > Host: jsonplaceholder.typicode.com
1 > Connection: Keep-Alive
1 > User-Agent: Apache-HttpClient/4.5.14 (Java/21.0.9)
1 > Accept-Encoding: gzip,deflate
{"name":"Test User","username":"testuser","email":"test@user.com","address":{"street":"Has No Name","suite":"Apt. 123","city":"Electri","zipcode":"54321-6789"}}

00:41:12.327 [main] DEBUG com.intuit.karate - response time in milliseconds: 234
1 < 201
1 < Date: Sat, 07 Feb 2026 05:41:12 GMT
1 < Content-Type: application/json; charset=utf-8
1 < Content-Length: 216
1 < Connection: keep-alive
1 < access-control-allow-credentials: true
1 < access-control-expose-headers: Location
1 < Cache-Control: no-cache
1 < etag: W/"d8-pYV7+YuMGP2hxHPU9ARrf97ifDA"
1 < expires: -1
1 < location: https://jsonplaceholder.typicode.com/users/11
1 < nel: {"report_to":"heroku-nel","response_headers":["Via"],"max_age":3600,"success_fraction":0.01,"failure_fraction":0.1}
1 < pragma: no-cache
1 < report-to: {"group":"heroku-nel","endpoints":[{"url":"https://nel.heroku.com/reports?s=djYsrXndLX1ZwiMtQqn0JOYpD2M7PYrbeMzlaXdzdgg%3D\u0026sid=e11707d5-02a7-43ef-b45e-2cf4d2036f7d\u0026ts=1770442872"}],"max_age":3600}
1 < reporting-endpoints: heroku-nel="https://nel.heroku.com/reports?s=djYsrXndLX1ZwiMtQqn0JOYpD2M7PYrbeMzlaXdzdgg%3D&sid=e11707d5-02a7-43ef-b45e-2cf4d2036f7d&ts=1770442872"
1 < Server: cloudflare
1 < vary: Origin, X-HTTP-Method-Override, Accept-Encoding
1 < via: 2.0 heroku-router
1 < x-content-type-options: nosniff
1 < x-powered-by: Express
1 < x-ratelimit-limit: 1000
1 < x-ratelimit-remaining: 999
1 < x-ratelimit-reset: 1770442901
1 < cf-cache-status: DYNAMIC
1 < Server-Timing: cfCacheStatus;desc="DYNAMIC"
1 < Server-Timing: cfEdge;dur=3,cfOrigin;dur=24
1 < CF-RAY: 9ca08e923b7237a4-MIA
1 < alt-svc: h3=":443"; ma=86400
{
  "name": "Test User",
  "username": "testuser",
  "email": "test@user.com",
  "address": {
    "street": "Has No Name",
    "suite": "Apt. 123",
    "city": "Electri",
    "zipcode": "54321-6789"
  },
  "id": 11
}

00:41:12.334 [main] INFO  com.intuit.karate - [print] created id is:  11 
21:31:37.000 [main] DEBUG com.intuit.karate.Suite - [config] classpath:karate-config.js
21:31:38.640 [main] INFO  com.intuit.karate - karate.env system property was: null 
21:31:39.050 [main] DEBUG com.intuit.karate - request:
1 > GET https://jsonplaceholder.typicode.com/users
1 > Host: jsonplaceholder.typicode.com
1 > Connection: Keep-Alive
1 > User-Agent: Apache-HttpClient/4.5.14 (Java/21.0.9)
1 > Accept-Encoding: gzip,deflate


21:31:39.946 [main] DEBUG com.intuit.karate - response time in milliseconds: 890
1 < 200
1 < Date: Mon, 09 Feb 2026 02:31:40 GMT
1 < Content-Type: application/json; charset=utf-8
1 < Connection: keep-alive
1 < access-control-allow-credentials: true
1 < Cache-Control: max-age=43200
1 < etag: W/"160d-1eMSsxeJRfnVLRBmYJSbCiJZ1qQ"
1 < expires: -1
1 < nel: {"report_to":"heroku-nel","response_headers":["Via"],"max_age":3600,"success_fraction":0.01,"failure_fraction":0.1}
1 < pragma: no-cache
1 < report-to: {"group":"heroku-nel","endpoints":[{"url":"https://nel.heroku.com/reports?s=ZOS2MZ7QdjjCNMs6IgUkTxwOToOBmOARekki645IovQ%3D\u0026sid=e11707d5-02a7-43ef-b45e-2cf4d2036f7d\u0026ts=1759506480"}],"max_age":3600}
1 < reporting-endpoints: heroku-nel="https://nel.heroku.com/reports?s=ZOS2MZ7QdjjCNMs6IgUkTxwOToOBmOARekki645IovQ%3D&sid=e11707d5-02a7-43ef-b45e-2cf4d2036f7d&ts=1759506480"
1 < Server: cloudflare
1 < vary: Origin, Accept-Encoding
1 < via: 2.0 heroku-router
1 < x-content-type-options: nosniff
1 < x-powered-by: Express
1 < x-ratelimit-limit: 1000
1 < x-ratelimit-remaining: 999
1 < x-ratelimit-reset: 1759506484
1 < Age: 19062
1 < Accept-Ranges: bytes
1 < cf-cache-status: HIT
1 < Server-Timing: cfCacheStatus;desc="HIT"
1 < Server-Timing: cfEdge;dur=2,cfOrigin;dur=0
1 < CF-RAY: 9caff3af1f82e638-GRU
1 < alt-svc: h3=":443"; ma=86400
[
  {
    "id": 1,
    "name": "Leanne Graham",
    "username": "Bret",
    "email": "Sincere@april.biz",
    "address": {
      "street": "Kulas Light",
      "suite": "Apt. 556",
      "city": "Gwenborough",
      "zipcode": "92998-3874",
      "geo": {
        "lat": "-37.3159",
        "lng": "81.1496"
      }
    },
    "phone": "1-770-736-8031 x56442",
    "website": "hildegard.org",
    "company": {
      "name": "Romaguera-Crona",
      "catchPhrase": "Multi-layered client-server neural-net",
      "bs": "harness real-time e-markets"
    }
  },
  {
    "id": 2,
    "name": "Ervin Howell",
    "username": "Antonette",
    "email": "Shanna@melissa.tv",
    "address": {
      "street": "Victor Plains",
      "suite": "Suite 879",
      "city": "Wisokyburgh",
      "zipcode": "90566-7771",
      "geo": {
        "lat": "-43.9509",
        "lng": "-34.4618"
      }
    },
    "phone": "010-692-6593 x09125",
    "website": "anastasia.net",
    "company": {
      "name": "Deckow-Crist",
      "catchPhrase": "Proactive didactic contingency",
      "bs": "synergize scalable supply-chains"
    }
  },
  {
    "id": 3,
    "name": "Clementine Bauch",
    "username": "Samantha",
    "email": "Nathan@yesenia.net",
    "address": {
      "street": "Douglas Extension",
      "suite": "Suite 847",
      "city": "McKenziehaven",
      "zipcode": "59590-4157",
      "geo": {
        "lat": "-68.6102",
        "lng": "-47.0653"
      }
    },
    "phone": "1-463-123-4447",
    "website": "ramiro.info",
    "company": {
      "name": "Romaguera-Jacobson",
      "catchPhrase": "Face to face bifurcated interface",
      "bs": "e-enable strategic applications"
    }
  },
  {
    "id": 4,
    "name": "Patricia Lebsack",
    "username": "Karianne",
    "email": "Julianne.OConner@kory.org",
    "address": {
      "street": "Hoeger Mall",
      "suite": "Apt. 692",
      "city": "South Elvis",
      "zipcode": "53919-4257",
      "geo": {
        "lat": "29.4572",
        "lng": "-164.2990"
      }
    },
    "phone": "493-170-9623 x156",
    "website": "kale.biz",
    "company": {
      "name": "Robel-Corkery",
      "catchPhrase": "Multi-tiered zero tolerance productivity",
      "bs": "transition cutting-edge web services"
    }
  },
  {
    "id": 5,
    "name": "Chelsey Dietrich",
    "username": "Kamren",
    "email": "Lucio_Hettinger@annie.ca",
    "address": {
      "street": "Skiles Walks",
      "suite": "Suite 351",
      "city": "Roscoeview",
      "zipcode": "33263",
      "geo": {
        "lat": "-31.8129",
        "lng": "62.5342"
      }
    },
    "phone": "(254)954-1289",
    "website": "demarco.info",
    "company": {
      "name": "Keebler LLC",
      "catchPhrase": "User-centric fault-tolerant solution",
      "bs": "revolutionize end-to-end systems"
    }
  },
  {
    "id": 6,
    "name": "Mrs. Dennis Schulist",
    "username": "Leopoldo_Corkery",
    "email": "Karley_Dach@jasper.info",
    "address": {
      "street": "Norberto Crossing",
      "suite": "Apt. 950",
      "city": "South Christy",
      "zipcode": "23505-1337",
      "geo": {
        "lat": "-71.4197",
        "lng": "71.7478"
      }
    },
    "phone": "1-477-935-8478 x6430",
    "website": "ola.org",
    "company": {
      "name": "Considine-Lockman",
      "catchPhrase": "Synchronised bottom-line interface",
      "bs": "e-enable innovative applications"
    }
  },
  {
    "id": 7,
    "name": "Kurtis Weissnat",
    "username": "Elwyn.Skiles",
    "email": "Telly.Hoeger@billy.biz",
    "address": {
      "street": "Rex Trail",
      "suite": "Suite 280",
      "city": "Howemouth",
      "zipcode": "58804-1099",
      "geo": {
        "lat": "24.8918",
        "lng": "21.8984"
      }
    },
    "phone": "210.067.6132",
    "website": "elvis.io",
    "company": {
      "name": "Johns Group",
      "catchPhrase": "Configurable multimedia task-force",
      "bs": "generate enterprise e-tailers"
    }
  },
  {
    "id": 8,
    "name": "Nicholas Runolfsdottir V",
    "username": "Maxime_Nienow",
    "email": "Sherwood@rosamond.me",
    "address": {
      "street": "Ellsworth Summit",
      "suite": "Suite 729",
      "city": "Aliyaview",
      "zipcode": "45169",
      "geo": {
        "lat": "-14.3990",
        "lng": "-120.7677"
      }
    },
    "phone": "586.493.6943 x140",
    "website": "jacynthe.com",
    "company": {
      "name": "Abernathy Group",
      "catchPhrase": "Implemented secondary concept",
      "bs": "e-enable extensible e-tailers"
    }
  },
  {
    "id": 9,
    "name": "Glenna Reichert",
    "username": "Delphine",
    "email": "Chaim_McDermott@dana.io",
    "address": {
      "street": "Dayna Park",
      "suite": "Suite 449",
      "city": "Bartholomebury",
      "zipcode": "76495-3109",
      "geo": {
        "lat": "24.6463",
        "lng": "-168.8889"
      }
    },
    "phone": "(775)976-6794 x41206",
    "website": "conrad.com",
    "company": {
      "name": "Yost and Sons",
      "catchPhrase": "Switchable contextually-based project",
      "bs": "aggregate real-time technologies"
    }
  },
  {
    "id": 10,
    "name": "Clementina DuBuque",
    "username": "Moriah.Stanton",
    "email": "Rey.Padberg@karina.biz",
    "address": {
      "street": "Kattie Turnpike",
      "suite": "Suite 198",
      "city": "Lebsackbury",
      "zipcode": "31428-2261",
      "geo": {
        "lat": "-38.2386",
        "lng": "57.2232"
      }
    },
    "phone": "024-648-3804",
    "website": "ambrose.net",
    "company": {
      "name": "Hoeger LLC",
      "catchPhrase": "Centralized empowering task-force",
      "bs": "target end-to-end models"
    }
  }
]

21:31:40.042 [main] DEBUG com.intuit.karate - request:
2 > GET https://jsonplaceholder.typicode.com/users/1
2 > Host: jsonplaceholder.typicode.com
2 > Connection: Keep-Alive
2 > User-Agent: Apache-HttpClient/4.5.14 (Java/21.0.9)
2 > Accept-Encoding: gzip,deflate


21:31:40.433 [main] DEBUG com.intuit.karate - response time in milliseconds: 390
2 < 200
2 < Date: Mon, 09 Feb 2026 02:31:41 GMT
2 < Content-Type: application/json; charset=utf-8
2 < Transfer-Encoding: chunked
2 < Connection: keep-alive
2 < access-control-allow-credentials: true
2 < Cache-Control: max-age=43200
2 < etag: W/"1fd-+2Y3G3w049iSZtw5t1mzSnunngE"
2 < expires: -1
2 < nel: {"report_to":"heroku-nel","response_headers":["Via"],"max_age":3600,"success_fraction":0.01,"failure_fraction":0.1}
2 < pragma: no-cache
2 < report-to: {"group":"heroku-nel","endpoints":[{"url":"https://nel.heroku.com/reports?s=X%2Fl260kmexw4bo%2BuVoYTX407RUpooGINi%2FB1fMKoUZY%3D\u0026sid=e11707d5-02a7-43ef-b45e-2cf4d2036f7d\u0026ts=1770037985"}],"max_age":3600}
2 < reporting-endpoints: heroku-nel="https://nel.heroku.com/reports?s=X%2Fl260kmexw4bo%2BuVoYTX407RUpooGINi%2FB1fMKoUZY%3D&sid=e11707d5-02a7-43ef-b45e-2cf4d2036f7d&ts=1770037985"
2 < Server: cloudflare
2 < vary: Origin, Accept-Encoding
2 < via: 2.0 heroku-router
2 < x-content-type-options: nosniff
2 < x-powered-by: Express
2 < x-ratelimit-limit: 1000
2 < x-ratelimit-remaining: 976
2 < x-ratelimit-reset: 1770038042
2 < Age: 402
2 < Server-Timing: cfCacheStatus;desc="HIT"
2 < Server-Timing: cfEdge;dur=4,cfOrigin;dur=0
2 < cf-cache-status: HIT
2 < CF-RAY: 9caff3b239901a9d-GRU
2 < alt-svc: h3=":443"; ma=86400
{
  "id": 1,
  "name": "Leanne Graham",
  "username": "Bret",
  "email": "Sincere@april.biz",
  "address": {
    "street": "Kulas Light",
    "suite": "Apt. 556",
    "city": "Gwenborough",
    "zipcode": "92998-3874",
    "geo": {
      "lat": "-37.3159",
      "lng": "81.1496"
    }
  },
  "phone": "1-770-736-8031 x56442",
  "website": "hildegard.org",
  "company": {
    "name": "Romaguera-Crona",
    "catchPhrase": "Multi-layered client-server neural-net",
    "bs": "harness real-time e-markets"
  }
}

21:31:40.456 [main] INFO  com.intuit.karate - karate.env system property was: null 
21:31:40.554 [main] DEBUG com.intuit.karate - request:
1 > POST https://jsonplaceholder.typicode.com/users
1 > Content-Type: application/json; charset=UTF-8
1 > Content-Length: 160
1 > Host: jsonplaceholder.typicode.com
1 > Connection: Keep-Alive
1 > User-Agent: Apache-HttpClient/4.5.14 (Java/21.0.9)
1 > Accept-Encoding: gzip,deflate
{"name":"Test User","username":"testuser","email":"test@user.com","address":{"street":"Has No Name","suite":"Apt. 123","city":"Electri","zipcode":"54321-6789"}}

21:31:41.047 [main] DEBUG com.intuit.karate - response time in milliseconds: 492
1 < 201
1 < Date: Mon, 09 Feb 2026 02:31:41 GMT
1 < Content-Type: application/json; charset=utf-8
1 < Content-Length: 216
1 < Connection: keep-alive
1 < access-control-allow-credentials: true
1 < access-control-expose-headers: Location
1 < Cache-Control: no-cache
1 < etag: W/"d8-pYV7+YuMGP2hxHPU9ARrf97ifDA"
1 < expires: -1
1 < location: https://jsonplaceholder.typicode.com/users/11
1 < nel: {"report_to":"heroku-nel","response_headers":["Via"],"max_age":3600,"success_fraction":0.01,"failure_fraction":0.1}
1 < pragma: no-cache
1 < report-to: {"group":"heroku-nel","endpoints":[{"url":"https://nel.heroku.com/reports?s=5pUV9Eun9HosQAPKQWPWxtQ2VwArrbp%2BpqSRJX%2B3ONA%3D\u0026sid=e11707d5-02a7-43ef-b45e-2cf4d2036f7d\u0026ts=1770604301"}],"max_age":3600}
1 < reporting-endpoints: heroku-nel="https://nel.heroku.com/reports?s=5pUV9Eun9HosQAPKQWPWxtQ2VwArrbp%2BpqSRJX%2B3ONA%3D&sid=e11707d5-02a7-43ef-b45e-2cf4d2036f7d&ts=1770604301"
1 < Server: cloudflare
1 < vary: Origin, X-HTTP-Method-Override, Accept-Encoding
1 < via: 2.0 heroku-router
1 < x-content-type-options: nosniff
1 < x-powered-by: Express
1 < x-ratelimit-limit: 1000
1 < x-ratelimit-remaining: 999
1 < x-ratelimit-reset: 1770604312
1 < cf-cache-status: DYNAMIC
1 < Server-Timing: cfCacheStatus;desc="DYNAMIC"
1 < Server-Timing: cfEdge;dur=3,cfOrigin;dur=115
1 < CF-RAY: 9caff3b55ba14359-GRU
1 < alt-svc: h3=":443"; ma=86400
{
  "name": "Test User",
  "username": "testuser",
  "email": "test@user.com",
  "address": {
    "street": "Has No Name",
    "suite": "Apt. 123",
    "city": "Electri",
    "zipcode": "54321-6789"
  },
  "id": 11
}

21:31:41.047 [main] INFO  com.intuit.karate - [print] created id is:  11 
12:52:25.645 [main] DEBUG com.intuit.karate.Suite - [config] classpath:karate-config.js
12:52:25.667 [main] INFO  com.intuit.karate.Suite - backed up existing 'target\karate-reports' dir to: target\karate-reports_1771091545667
12:52:27.088 [pool-2-thread-2] INFO  com.intuit.karate - karate.env system property was: null 
12:52:27.088 [pool-2-thread-1] INFO  com.intuit.karate - karate.env system property was: null 
12:52:27.507 [pool-2-thread-1] DEBUG com.intuit.karate - request:
1 > GET https://jsonplaceholder.typicode.com/users
1 > Host: jsonplaceholder.typicode.com
1 > Connection: Keep-Alive
1 > User-Agent: Apache-HttpClient/4.5.14 (Java/21.0.9)
1 > Accept-Encoding: gzip,deflate


12:52:27.507 [pool-2-thread-2] DEBUG com.intuit.karate - request:
1 > POST https://jsonplaceholder.typicode.com/users
1 > Content-Type: application/json; charset=UTF-8
1 > Content-Length: 160
1 > Host: jsonplaceholder.typicode.com
1 > Connection: Keep-Alive
1 > User-Agent: Apache-HttpClient/4.5.14 (Java/21.0.9)
1 > Accept-Encoding: gzip,deflate
{"name":"Test User","username":"testuser","email":"test@user.com","address":{"street":"Has No Name","suite":"Apt. 123","city":"Electri","zipcode":"54321-6789"}}

12:52:28.041 [pool-2-thread-1] DEBUG com.intuit.karate - response time in milliseconds: 529
1 < 200
1 < Date: Sat, 14 Feb 2026 17:52:28 GMT
1 < Content-Type: application/json; charset=utf-8
1 < Connection: keep-alive
1 < access-control-allow-credentials: true
1 < Cache-Control: max-age=43200
1 < etag: W/"160d-1eMSsxeJRfnVLRBmYJSbCiJZ1qQ"
1 < expires: -1
1 < nel: {"report_to":"heroku-nel","response_headers":["Via"],"max_age":3600,"success_fraction":0.01,"failure_fraction":0.1}
1 < pragma: no-cache
1 < report-to: {"group":"heroku-nel","endpoints":[{"url":"https://nel.heroku.com/reports?s=B%2FuQuBbpSjAYjlm%2F6L0%2Fq1k%2F9xvTexo8XnPe4S655Qk%3D\u0026sid=e11707d5-02a7-43ef-b45e-2cf4d2036f7d\u0026ts=1761678399"}],"max_age":3600}
1 < reporting-endpoints: heroku-nel="https://nel.heroku.com/reports?s=B%2FuQuBbpSjAYjlm%2F6L0%2Fq1k%2F9xvTexo8XnPe4S655Qk%3D&sid=e11707d5-02a7-43ef-b45e-2cf4d2036f7d&ts=1761678399"
1 < Server: cloudflare
1 < vary: Origin, Accept-Encoding
1 < via: 2.0 heroku-router
1 < x-content-type-options: nosniff
1 < x-powered-by: Express
1 < x-ratelimit-limit: 1000
1 < x-ratelimit-remaining: 999
1 < x-ratelimit-reset: 1761678430
1 < Age: 28799
1 < Accept-Ranges: bytes
1 < cf-cache-status: HIT
1 < Server-Timing: cfCacheStatus;desc="HIT"
1 < Server-Timing: cfEdge;dur=3,cfOrigin;dur=0
1 < CF-RAY: 9cde6b6108a1227f-MIA
1 < alt-svc: h3=":443"; ma=86400
[
  {
    "id": 1,
    "name": "Leanne Graham",
    "username": "Bret",
    "email": "Sincere@april.biz",
    "address": {
      "street": "Kulas Light",
      "suite": "Apt. 556",
      "city": "Gwenborough",
      "zipcode": "92998-3874",
      "geo": {
        "lat": "-37.3159",
        "lng": "81.1496"
      }
    },
    "phone": "1-770-736-8031 x56442",
    "website": "hildegard.org",
    "company": {
      "name": "Romaguera-Crona",
      "catchPhrase": "Multi-layered client-server neural-net",
      "bs": "harness real-time e-markets"
    }
  },
  {
    "id": 2,
    "name": "Ervin Howell",
    "username": "Antonette",
    "email": "Shanna@melissa.tv",
    "address": {
      "street": "Victor Plains",
      "suite": "Suite 879",
      "city": "Wisokyburgh",
      "zipcode": "90566-7771",
      "geo": {
        "lat": "-43.9509",
        "lng": "-34.4618"
      }
    },
    "phone": "010-692-6593 x09125",
    "website": "anastasia.net",
    "company": {
      "name": "Deckow-Crist",
      "catchPhrase": "Proactive didactic contingency",
      "bs": "synergize scalable supply-chains"
    }
  },
  {
    "id": 3,
    "name": "Clementine Bauch",
    "username": "Samantha",
    "email": "Nathan@yesenia.net",
    "address": {
      "street": "Douglas Extension",
      "suite": "Suite 847",
      "city": "McKenziehaven",
      "zipcode": "59590-4157",
      "geo": {
        "lat": "-68.6102",
        "lng": "-47.0653"
      }
    },
    "phone": "1-463-123-4447",
    "website": "ramiro.info",
    "company": {
      "name": "Romaguera-Jacobson",
      "catchPhrase": "Face to face bifurcated interface",
      "bs": "e-enable strategic applications"
    }
  },
  {
    "id": 4,
    "name": "Patricia Lebsack",
    "username": "Karianne",
    "email": "Julianne.OConner@kory.org",
    "address": {
      "street": "Hoeger Mall",
      "suite": "Apt. 692",
      "city": "South Elvis",
      "zipcode": "53919-4257",
      "geo": {
        "lat": "29.4572",
        "lng": "-164.2990"
      }
    },
    "phone": "493-170-9623 x156",
    "website": "kale.biz",
    "company": {
      "name": "Robel-Corkery",
      "catchPhrase": "Multi-tiered zero tolerance productivity",
      "bs": "transition cutting-edge web services"
    }
  },
  {
    "id": 5,
    "name": "Chelsey Dietrich",
    "username": "Kamren",
    "email": "Lucio_Hettinger@annie.ca",
    "address": {
      "street": "Skiles Walks",
      "suite": "Suite 351",
      "city": "Roscoeview",
      "zipcode": "33263",
      "geo": {
        "lat": "-31.8129",
        "lng": "62.5342"
      }
    },
    "phone": "(254)954-1289",
    "website": "demarco.info",
    "company": {
      "name": "Keebler LLC",
      "catchPhrase": "User-centric fault-tolerant solution",
      "bs": "revolutionize end-to-end systems"
    }
  },
  {
    "id": 6,
    "name": "Mrs. Dennis Schulist",
    "username": "Leopoldo_Corkery",
    "email": "Karley_Dach@jasper.info",
    "address": {
      "street": "Norberto Crossing",
      "suite": "Apt. 950",
      "city": "South Christy",
      "zipcode": "23505-1337",
      "geo": {
        "lat": "-71.4197",
        "lng": "71.7478"
      }
    },
    "phone": "1-477-935-8478 x6430",
    "website": "ola.org",
    "company": {
      "name": "Considine-Lockman",
      "catchPhrase": "Synchronised bottom-line interface",
      "bs": "e-enable innovative applications"
    }
  },
  {
    "id": 7,
    "name": "Kurtis Weissnat",
    "username": "Elwyn.Skiles",
    "email": "Telly.Hoeger@billy.biz",
    "address": {
      "street": "Rex Trail",
      "suite": "Suite 280",
      "city": "Howemouth",
      "zipcode": "58804-1099",
      "geo": {
        "lat": "24.8918",
        "lng": "21.8984"
      }
    },
    "phone": "210.067.6132",
    "website": "elvis.io",
    "company": {
      "name": "Johns Group",
      "catchPhrase": "Configurable multimedia task-force",
      "bs": "generate enterprise e-tailers"
    }
  },
  {
    "id": 8,
    "name": "Nicholas Runolfsdottir V",
    "username": "Maxime_Nienow",
    "email": "Sherwood@rosamond.me",
    "address": {
      "street": "Ellsworth Summit",
      "suite": "Suite 729",
      "city": "Aliyaview",
      "zipcode": "45169",
      "geo": {
        "lat": "-14.3990",
        "lng": "-120.7677"
      }
    },
    "phone": "586.493.6943 x140",
    "website": "jacynthe.com",
    "company": {
      "name": "Abernathy Group",
      "catchPhrase": "Implemented secondary concept",
      "bs": "e-enable extensible e-tailers"
    }
  },
  {
    "id": 9,
    "name": "Glenna Reichert",
    "username": "Delphine",
    "email": "Chaim_McDermott@dana.io",
    "address": {
      "street": "Dayna Park",
      "suite": "Suite 449",
      "city": "Bartholomebury",
      "zipcode": "76495-3109",
      "geo": {
        "lat": "24.6463",
        "lng": "-168.8889"
      }
    },
    "phone": "(775)976-6794 x41206",
    "website": "conrad.com",
    "company": {
      "name": "Yost and Sons",
      "catchPhrase": "Switchable contextually-based project",
      "bs": "aggregate real-time technologies"
    }
  },
  {
    "id": 10,
    "name": "Clementina DuBuque",
    "username": "Moriah.Stanton",
    "email": "Rey.Padberg@karina.biz",
    "address": {
      "street": "Kattie Turnpike",
      "suite": "Suite 198",
      "city": "Lebsackbury",
      "zipcode": "31428-2261",
      "geo": {
        "lat": "-38.2386",
        "lng": "57.2232"
      }
    },
    "phone": "024-648-3804",
    "website": "ambrose.net",
    "company": {
      "name": "Hoeger LLC",
      "catchPhrase": "Centralized empowering task-force",
      "bs": "target end-to-end models"
    }
  }
]

12:52:28.054 [pool-2-thread-2] DEBUG com.intuit.karate - response time in milliseconds: 543
1 < 201
1 < Date: Sat, 14 Feb 2026 17:52:28 GMT
1 < Content-Type: application/json; charset=utf-8
1 < Content-Length: 216
1 < Connection: keep-alive
1 < access-control-allow-credentials: true
1 < access-control-expose-headers: Location
1 < Cache-Control: no-cache
1 < etag: W/"d8-pYV7+YuMGP2hxHPU9ARrf97ifDA"
1 < expires: -1
1 < location: https://jsonplaceholder.typicode.com/users/11
1 < nel: {"report_to":"heroku-nel","response_headers":["Via"],"max_age":3600,"success_fraction":0.01,"failure_fraction":0.1}
1 < pragma: no-cache
1 < report-to: {"group":"heroku-nel","endpoints":[{"url":"https://nel.heroku.com/reports?s=LpA88gZ%2FctKuTeg7pTZElvel%2BNB%2BfYi2DOtOh1ky80c%3D\u0026sid=e11707d5-02a7-43ef-b45e-2cf4d2036f7d\u0026ts=1771091548"}],"max_age":3600}
1 < reporting-endpoints: heroku-nel="https://nel.heroku.com/reports?s=LpA88gZ%2FctKuTeg7pTZElvel%2BNB%2BfYi2DOtOh1ky80c%3D&sid=e11707d5-02a7-43ef-b45e-2cf4d2036f7d&ts=1771091548"
1 < Server: cloudflare
1 < vary: Origin, X-HTTP-Method-Override, Accept-Encoding
1 < via: 2.0 heroku-router
1 < x-content-type-options: nosniff
1 < x-powered-by: Express
1 < x-ratelimit-limit: 1000
1 < x-ratelimit-remaining: 999
1 < x-ratelimit-reset: 1771091596
1 < cf-cache-status: DYNAMIC
1 < Server-Timing: cfCacheStatus;desc="DYNAMIC"
1 < Server-Timing: cfEdge;dur=2,cfOrigin;dur=25
1 < CF-RAY: 9cde6b611e433f41-MIA
1 < alt-svc: h3=":443"; ma=86400
{
  "name": "Test User",
  "username": "testuser",
  "email": "test@user.com",
  "address": {
    "street": "Has No Name",
    "suite": "Apt. 123",
    "city": "Electri",
    "zipcode": "54321-6789"
  },
  "id": 11
}

12:52:28.061 [pool-2-thread-2] INFO  com.intuit.karate - [print] created id is:  11 
12:52:28.067 [pool-2-thread-1] DEBUG com.intuit.karate - request:
2 > GET https://jsonplaceholder.typicode.com/users/1
2 > Host: jsonplaceholder.typicode.com
2 > Connection: Keep-Alive
2 > User-Agent: Apache-HttpClient/4.5.14 (Java/21.0.9)
2 > Accept-Encoding: gzip,deflate


12:52:28.282 [pool-2-thread-1] DEBUG com.intuit.karate - response time in milliseconds: 215
2 < 200
2 < Date: Sat, 14 Feb 2026 17:52:28 GMT
2 < Content-Type: application/json; charset=utf-8
2 < Transfer-Encoding: chunked
2 < Connection: keep-alive
2 < access-control-allow-credentials: true
2 < Cache-Control: max-age=43200
2 < etag: W/"1fd-+2Y3G3w049iSZtw5t1mzSnunngE"
2 < expires: -1
2 < nel: {"report_to":"heroku-nel","response_headers":["Via"],"max_age":3600,"success_fraction":0.01,"failure_fraction":0.1}
2 < pragma: no-cache
2 < report-to: {"group":"heroku-nel","endpoints":[{"url":"https://nel.heroku.com/reports?s=4wr%2Bnmw15ydmM7sHkRzVD1UvFPeouPjJ%2Fbavh4Wd%2BGc%3D\u0026sid=e11707d5-02a7-43ef-b45e-2cf4d2036f7d\u0026ts=1771074750"}],"max_age":3600}
2 < reporting-endpoints: heroku-nel="https://nel.heroku.com/reports?s=4wr%2Bnmw15ydmM7sHkRzVD1UvFPeouPjJ%2Fbavh4Wd%2BGc%3D&sid=e11707d5-02a7-43ef-b45e-2cf4d2036f7d&ts=1771074750"
2 < Server: cloudflare
2 < vary: Origin, Accept-Encoding
2 < via: 2.0 heroku-router
2 < x-content-type-options: nosniff
2 < x-powered-by: Express
2 < x-ratelimit-limit: 1000
2 < x-ratelimit-remaining: 953
2 < x-ratelimit-reset: 1771074801
2 < Age: 16798
2 < Server-Timing: cfCacheStatus;desc="HIT"
2 < Server-Timing: cfEdge;dur=5,cfOrigin;dur=0
2 < cf-cache-status: HIT
2 < CF-RAY: 9cde6b629ca03404-MIA
2 < alt-svc: h3=":443"; ma=86400
{
  "id": 1,
  "name": "Leanne Graham",
  "username": "Bret",
  "email": "Sincere@april.biz",
  "address": {
    "street": "Kulas Light",
    "suite": "Apt. 556",
    "city": "Gwenborough",
    "zipcode": "92998-3874",
    "geo": {
      "lat": "-37.3159",
      "lng": "81.1496"
    }
  },
  "phone": "1-770-736-8031 x56442",
  "website": "hildegard.org",
  "company": {
    "name": "Romaguera-Crona",
    "catchPhrase": "Multi-layered client-server neural-net",
    "bs": "harness real-time e-markets"
  }
}

12:52:29.026 [pool-3-thread-1] INFO  com.intuit.karate.Suite - <<pass>> feature 1 of 1 (0 remaining) classpath:examples/users/users.feature
13:12:18.728 [main] DEBUG com.intuit.karate.Suite - [config] classpath:karate-config.js
13:12:18.734 [main] INFO  com.intuit.karate.Suite - backed up existing 'target\karate-reports' dir to: target\karate-reports_1771092738732
13:12:20.123 [pool-2-thread-2] INFO  com.intuit.karate - karate.env system property was: null 
13:12:20.123 [pool-2-thread-1] INFO  com.intuit.karate - karate.env system property was: null 
13:12:20.544 [pool-2-thread-1] DEBUG com.intuit.karate - request:
1 > GET https://jsonplaceholder.typicode.com/users
1 > Host: jsonplaceholder.typicode.com
1 > Connection: Keep-Alive
1 > User-Agent: Apache-HttpClient/4.5.14 (Java/21.0.9)
1 > Accept-Encoding: gzip,deflate


13:12:20.544 [pool-2-thread-2] DEBUG com.intuit.karate - request:
1 > POST https://jsonplaceholder.typicode.com/users
1 > Content-Type: application/json; charset=UTF-8
1 > Content-Length: 160
1 > Host: jsonplaceholder.typicode.com
1 > Connection: Keep-Alive
1 > User-Agent: Apache-HttpClient/4.5.14 (Java/21.0.9)
1 > Accept-Encoding: gzip,deflate
{"name":"Test User","username":"testuser","email":"test@user.com","address":{"street":"Has No Name","suite":"Apt. 123","city":"Electri","zipcode":"54321-6789"}}

13:12:21.188 [pool-2-thread-1] DEBUG com.intuit.karate - response time in milliseconds: 644
1 < 200
1 < Date: Sat, 14 Feb 2026 18:12:21 GMT
1 < Content-Type: application/json; charset=utf-8
1 < Connection: keep-alive
1 < access-control-allow-credentials: true
1 < Cache-Control: max-age=43200
1 < etag: W/"160d-1eMSsxeJRfnVLRBmYJSbCiJZ1qQ"
1 < expires: -1
1 < nel: {"report_to":"heroku-nel","response_headers":["Via"],"max_age":3600,"success_fraction":0.01,"failure_fraction":0.1}
1 < pragma: no-cache
1 < report-to: {"group":"heroku-nel","endpoints":[{"url":"https://nel.heroku.com/reports?s=ZOS2MZ7QdjjCNMs6IgUkTxwOToOBmOARekki645IovQ%3D\u0026sid=e11707d5-02a7-43ef-b45e-2cf4d2036f7d\u0026ts=1759506480"}],"max_age":3600}
1 < reporting-endpoints: heroku-nel="https://nel.heroku.com/reports?s=ZOS2MZ7QdjjCNMs6IgUkTxwOToOBmOARekki645IovQ%3D&sid=e11707d5-02a7-43ef-b45e-2cf4d2036f7d&ts=1759506480"
1 < Server: cloudflare
1 < vary: Origin, Accept-Encoding
1 < via: 2.0 heroku-router
1 < x-content-type-options: nosniff
1 < x-powered-by: Express
1 < x-ratelimit-limit: 1000
1 < x-ratelimit-remaining: 999
1 < x-ratelimit-reset: 1759506484
1 < Age: 17766
1 < Accept-Ranges: bytes
1 < cf-cache-status: HIT
1 < Server-Timing: cfCacheStatus;desc="HIT"
1 < Server-Timing: cfEdge;dur=5,cfOrigin;dur=0
1 < CF-RAY: 9cde8881dcc01b2e-GRU
1 < alt-svc: h3=":443"; ma=86400
[
  {
    "id": 1,
    "name": "Leanne Graham",
    "username": "Bret",
    "email": "Sincere@april.biz",
    "address": {
      "street": "Kulas Light",
      "suite": "Apt. 556",
      "city": "Gwenborough",
      "zipcode": "92998-3874",
      "geo": {
        "lat": "-37.3159",
        "lng": "81.1496"
      }
    },
    "phone": "1-770-736-8031 x56442",
    "website": "hildegard.org",
    "company": {
      "name": "Romaguera-Crona",
      "catchPhrase": "Multi-layered client-server neural-net",
      "bs": "harness real-time e-markets"
    }
  },
  {
    "id": 2,
    "name": "Ervin Howell",
    "username": "Antonette",
    "email": "Shanna@melissa.tv",
    "address": {
      "street": "Victor Plains",
      "suite": "Suite 879",
      "city": "Wisokyburgh",
      "zipcode": "90566-7771",
      "geo": {
        "lat": "-43.9509",
        "lng": "-34.4618"
      }
    },
    "phone": "010-692-6593 x09125",
    "website": "anastasia.net",
    "company": {
      "name": "Deckow-Crist",
      "catchPhrase": "Proactive didactic contingency",
      "bs": "synergize scalable supply-chains"
    }
  },
  {
    "id": 3,
    "name": "Clementine Bauch",
    "username": "Samantha",
    "email": "Nathan@yesenia.net",
    "address": {
      "street": "Douglas Extension",
      "suite": "Suite 847",
      "city": "McKenziehaven",
      "zipcode": "59590-4157",
      "geo": {
        "lat": "-68.6102",
        "lng": "-47.0653"
      }
    },
    "phone": "1-463-123-4447",
    "website": "ramiro.info",
    "company": {
      "name": "Romaguera-Jacobson",
      "catchPhrase": "Face to face bifurcated interface",
      "bs": "e-enable strategic applications"
    }
  },
  {
    "id": 4,
    "name": "Patricia Lebsack",
    "username": "Karianne",
    "email": "Julianne.OConner@kory.org",
    "address": {
      "street": "Hoeger Mall",
      "suite": "Apt. 692",
      "city": "South Elvis",
      "zipcode": "53919-4257",
      "geo": {
        "lat": "29.4572",
        "lng": "-164.2990"
      }
    },
    "phone": "493-170-9623 x156",
    "website": "kale.biz",
    "company": {
      "name": "Robel-Corkery",
      "catchPhrase": "Multi-tiered zero tolerance productivity",
      "bs": "transition cutting-edge web services"
    }
  },
  {
    "id": 5,
    "name": "Chelsey Dietrich",
    "username": "Kamren",
    "email": "Lucio_Hettinger@annie.ca",
    "address": {
      "street": "Skiles Walks",
      "suite": "Suite 351",
      "city": "Roscoeview",
      "zipcode": "33263",
      "geo": {
        "lat": "-31.8129",
        "lng": "62.5342"
      }
    },
    "phone": "(254)954-1289",
    "website": "demarco.info",
    "company": {
      "name": "Keebler LLC",
      "catchPhrase": "User-centric fault-tolerant solution",
      "bs": "revolutionize end-to-end systems"
    }
  },
  {
    "id": 6,
    "name": "Mrs. Dennis Schulist",
    "username": "Leopoldo_Corkery",
    "email": "Karley_Dach@jasper.info",
    "address": {
      "street": "Norberto Crossing",
      "suite": "Apt. 950",
      "city": "South Christy",
      "zipcode": "23505-1337",
      "geo": {
        "lat": "-71.4197",
        "lng": "71.7478"
      }
    },
    "phone": "1-477-935-8478 x6430",
    "website": "ola.org",
    "company": {
      "name": "Considine-Lockman",
      "catchPhrase": "Synchronised bottom-line interface",
      "bs": "e-enable innovative applications"
    }
  },
  {
    "id": 7,
    "name": "Kurtis Weissnat",
    "username": "Elwyn.Skiles",
    "email": "Telly.Hoeger@billy.biz",
    "address": {
      "street": "Rex Trail",
      "suite": "Suite 280",
      "city": "Howemouth",
      "zipcode": "58804-1099",
      "geo": {
        "lat": "24.8918",
        "lng": "21.8984"
      }
    },
    "phone": "210.067.6132",
    "website": "elvis.io",
    "company": {
      "name": "Johns Group",
      "catchPhrase": "Configurable multimedia task-force",
      "bs": "generate enterprise e-tailers"
    }
  },
  {
    "id": 8,
    "name": "Nicholas Runolfsdottir V",
    "username": "Maxime_Nienow",
    "email": "Sherwood@rosamond.me",
    "address": {
      "street": "Ellsworth Summit",
      "suite": "Suite 729",
      "city": "Aliyaview",
      "zipcode": "45169",
      "geo": {
        "lat": "-14.3990",
        "lng": "-120.7677"
      }
    },
    "phone": "586.493.6943 x140",
    "website": "jacynthe.com",
    "company": {
      "name": "Abernathy Group",
      "catchPhrase": "Implemented secondary concept",
      "bs": "e-enable extensible e-tailers"
    }
  },
  {
    "id": 9,
    "name": "Glenna Reichert",
    "username": "Delphine",
    "email": "Chaim_McDermott@dana.io",
    "address": {
      "street": "Dayna Park",
      "suite": "Suite 449",
      "city": "Bartholomebury",
      "zipcode": "76495-3109",
      "geo": {
        "lat": "24.6463",
        "lng": "-168.8889"
      }
    },
    "phone": "(775)976-6794 x41206",
    "website": "conrad.com",
    "company": {
      "name": "Yost and Sons",
      "catchPhrase": "Switchable contextually-based project",
      "bs": "aggregate real-time technologies"
    }
  },
  {
    "id": 10,
    "name": "Clementina DuBuque",
    "username": "Moriah.Stanton",
    "email": "Rey.Padberg@karina.biz",
    "address": {
      "street": "Kattie Turnpike",
      "suite": "Suite 198",
      "city": "Lebsackbury",
      "zipcode": "31428-2261",
      "geo": {
        "lat": "-38.2386",
        "lng": "57.2232"
      }
    },
    "phone": "024-648-3804",
    "website": "ambrose.net",
    "company": {
      "name": "Hoeger LLC",
      "catchPhrase": "Centralized empowering task-force",
      "bs": "target end-to-end models"
    }
  }
]

13:12:21.220 [pool-2-thread-1] DEBUG com.intuit.karate - request:
2 > GET https://jsonplaceholder.typicode.com/users/1
2 > Host: jsonplaceholder.typicode.com
2 > Connection: Keep-Alive
2 > User-Agent: Apache-HttpClient/4.5.14 (Java/21.0.9)
2 > Accept-Encoding: gzip,deflate


13:12:21.293 [pool-2-thread-2] DEBUG com.intuit.karate - response time in milliseconds: 749
1 < 201
1 < Date: Sat, 14 Feb 2026 18:12:21 GMT
1 < Content-Type: application/json; charset=utf-8
1 < Content-Length: 216
1 < Connection: keep-alive
1 < access-control-allow-credentials: true
1 < access-control-expose-headers: Location
1 < Cache-Control: no-cache
1 < etag: W/"d8-pYV7+YuMGP2hxHPU9ARrf97ifDA"
1 < expires: -1
1 < location: https://jsonplaceholder.typicode.com/users/11
1 < nel: {"report_to":"heroku-nel","response_headers":["Via"],"max_age":3600,"success_fraction":0.01,"failure_fraction":0.1}
1 < pragma: no-cache
1 < report-to: {"group":"heroku-nel","endpoints":[{"url":"https://nel.heroku.com/reports?s=%2FhSsF%2BqSSpY8b0y6xNYNq61m%2B%2B7JiFe8GpLeE8Kn4ZU%3D\u0026sid=e11707d5-02a7-43ef-b45e-2cf4d2036f7d\u0026ts=1771092741"}],"max_age":3600}
1 < reporting-endpoints: heroku-nel="https://nel.heroku.com/reports?s=%2FhSsF%2BqSSpY8b0y6xNYNq61m%2B%2B7JiFe8GpLeE8Kn4ZU%3D&sid=e11707d5-02a7-43ef-b45e-2cf4d2036f7d&ts=1771092741"
1 < Server: cloudflare
1 < vary: Origin, X-HTTP-Method-Override, Accept-Encoding
1 < via: 2.0 heroku-router
1 < x-content-type-options: nosniff
1 < x-powered-by: Express
1 < x-ratelimit-limit: 1000
1 < x-ratelimit-remaining: 999
1 < x-ratelimit-reset: 1771092796
1 < cf-cache-status: DYNAMIC
1 < Server-Timing: cfCacheStatus;desc="DYNAMIC"
1 < Server-Timing: cfEdge;dur=2,cfOrigin;dur=114
1 < CF-RAY: 9cde8881d9f31f4b-GRU
1 < alt-svc: h3=":443"; ma=86400
{
  "name": "Test User",
  "username": "testuser",
  "email": "test@user.com",
  "address": {
    "street": "Has No Name",
    "suite": "Apt. 123",
    "city": "Electri",
    "zipcode": "54321-6789"
  },
  "id": 11
}

13:12:21.293 [pool-2-thread-2] INFO  com.intuit.karate - [print] created id is:  11 
13:12:21.615 [pool-2-thread-1] DEBUG com.intuit.karate - response time in milliseconds: 395
2 < 200
2 < Date: Sat, 14 Feb 2026 18:12:21 GMT
2 < Content-Type: application/json; charset=utf-8
2 < Transfer-Encoding: chunked
2 < Connection: keep-alive
2 < access-control-allow-credentials: true
2 < Cache-Control: max-age=43200
2 < etag: W/"1fd-+2Y3G3w049iSZtw5t1mzSnunngE"
2 < expires: -1
2 < nel: {"report_to":"heroku-nel","response_headers":["Via"],"max_age":3600,"success_fraction":0.01,"failure_fraction":0.1}
2 < pragma: no-cache
2 < report-to: {"group":"heroku-nel","endpoints":[{"url":"https://nel.heroku.com/reports?s=F%2F05dn5lWz0T%2F0khaAF3X5nzAnGv5y2c3tbrsa5cEFA%3D\u0026sid=e11707d5-02a7-43ef-b45e-2cf4d2036f7d\u0026ts=1770661516"}],"max_age":3600}
2 < reporting-endpoints: heroku-nel="https://nel.heroku.com/reports?s=F%2F05dn5lWz0T%2F0khaAF3X5nzAnGv5y2c3tbrsa5cEFA%3D&sid=e11707d5-02a7-43ef-b45e-2cf4d2036f7d&ts=1770661516"
2 < Server: cloudflare
2 < vary: Origin, Accept-Encoding
2 < via: 2.0 heroku-router
2 < x-content-type-options: nosniff
2 < x-powered-by: Express
2 < x-ratelimit-limit: 1000
2 < x-ratelimit-remaining: 851
2 < x-ratelimit-reset: 1770661530
2 < Age: 27294
2 < Server-Timing: cfCacheStatus;desc="HIT"
2 < Server-Timing: cfEdge;dur=4,cfOrigin;dur=0
2 < cf-cache-status: HIT
2 < CF-RAY: 9cde88847daba09c-GRU
2 < alt-svc: h3=":443"; ma=86400
{
  "id": 1,
  "name": "Leanne Graham",
  "username": "Bret",
  "email": "Sincere@april.biz",
  "address": {
    "street": "Kulas Light",
    "suite": "Apt. 556",
    "city": "Gwenborough",
    "zipcode": "92998-3874",
    "geo": {
      "lat": "-37.3159",
      "lng": "81.1496"
    }
  },
  "phone": "1-770-736-8031 x56442",
  "website": "hildegard.org",
  "company": {
    "name": "Romaguera-Crona",
    "catchPhrase": "Multi-layered client-server neural-net",
    "bs": "harness real-time e-markets"
  }
}

13:12:22.699 [pool-3-thread-1] INFO  com.intuit.karate.Suite - <<pass>> feature 1 of 1 (0 remaining) classpath:examples/users/users.feature
13:15:47.360 [main] DEBUG com.intuit.karate.Suite - [config] classpath:karate-config.js
13:15:47.369 [main] INFO  com.intuit.karate.Suite - backed up existing 'target\karate-reports' dir to: target\karate-reports_1771092947365
13:15:48.721 [pool-2-thread-2] INFO  com.intuit.karate - karate.env system property was: null 
13:15:48.721 [pool-2-thread-1] INFO  com.intuit.karate - karate.env system property was: null 
13:15:49.094 [pool-2-thread-1] DEBUG com.intuit.karate - request:
1 > GET https://jsonplaceholder.typicode.com/users
1 > Host: jsonplaceholder.typicode.com
1 > Connection: Keep-Alive
1 > User-Agent: Apache-HttpClient/4.5.14 (Java/21.0.9)
1 > Accept-Encoding: gzip,deflate


13:15:49.094 [pool-2-thread-2] DEBUG com.intuit.karate - request:
1 > POST https://jsonplaceholder.typicode.com/users
1 > Content-Type: application/json; charset=UTF-8
1 > Content-Length: 160
1 > Host: jsonplaceholder.typicode.com
1 > Connection: Keep-Alive
1 > User-Agent: Apache-HttpClient/4.5.14 (Java/21.0.9)
1 > Accept-Encoding: gzip,deflate
{"name":"Test User","username":"testuser","email":"test@user.com","address":{"street":"Has No Name","suite":"Apt. 123","city":"Electri","zipcode":"54321-6789"}}

13:15:49.630 [pool-2-thread-1] DEBUG com.intuit.karate - response time in milliseconds: 536
1 < 200
1 < Date: Sat, 14 Feb 2026 18:15:49 GMT
1 < Content-Type: application/json; charset=utf-8
1 < Connection: keep-alive
1 < access-control-allow-credentials: true
1 < Cache-Control: max-age=43200
1 < etag: W/"160d-1eMSsxeJRfnVLRBmYJSbCiJZ1qQ"
1 < expires: -1
1 < nel: {"report_to":"heroku-nel","response_headers":["Via"],"max_age":3600,"success_fraction":0.01,"failure_fraction":0.1}
1 < pragma: no-cache
1 < report-to: {"group":"heroku-nel","endpoints":[{"url":"https://nel.heroku.com/reports?s=B%2FuQuBbpSjAYjlm%2F6L0%2Fq1k%2F9xvTexo8XnPe4S655Qk%3D\u0026sid=e11707d5-02a7-43ef-b45e-2cf4d2036f7d\u0026ts=1761678399"}],"max_age":3600}
1 < reporting-endpoints: heroku-nel="https://nel.heroku.com/reports?s=B%2FuQuBbpSjAYjlm%2F6L0%2Fq1k%2F9xvTexo8XnPe4S655Qk%3D&sid=e11707d5-02a7-43ef-b45e-2cf4d2036f7d&ts=1761678399"
1 < Server: cloudflare
1 < vary: Origin, Accept-Encoding
1 < via: 2.0 heroku-router
1 < x-content-type-options: nosniff
1 < x-powered-by: Express
1 < x-ratelimit-limit: 1000
1 < x-ratelimit-remaining: 999
1 < x-ratelimit-reset: 1761678430
1 < Age: 1398
1 < Accept-Ranges: bytes
1 < cf-cache-status: HIT
1 < Server-Timing: cfCacheStatus;desc="HIT"
1 < Server-Timing: cfEdge;dur=5,cfOrigin;dur=0
1 < CF-RAY: 9cde8d98ba63ae1e-MIA
1 < alt-svc: h3=":443"; ma=86400
[
  {
    "id": 1,
    "name": "Leanne Graham",
    "username": "Bret",
    "email": "Sincere@april.biz",
    "address": {
      "street": "Kulas Light",
      "suite": "Apt. 556",
      "city": "Gwenborough",
      "zipcode": "92998-3874",
      "geo": {
        "lat": "-37.3159",
        "lng": "81.1496"
      }
    },
    "phone": "1-770-736-8031 x56442",
    "website": "hildegard.org",
    "company": {
      "name": "Romaguera-Crona",
      "catchPhrase": "Multi-layered client-server neural-net",
      "bs": "harness real-time e-markets"
    }
  },
  {
    "id": 2,
    "name": "Ervin Howell",
    "username": "Antonette",
    "email": "Shanna@melissa.tv",
    "address": {
      "street": "Victor Plains",
      "suite": "Suite 879",
      "city": "Wisokyburgh",
      "zipcode": "90566-7771",
      "geo": {
        "lat": "-43.9509",
        "lng": "-34.4618"
      }
    },
    "phone": "010-692-6593 x09125",
    "website": "anastasia.net",
    "company": {
      "name": "Deckow-Crist",
      "catchPhrase": "Proactive didactic contingency",
      "bs": "synergize scalable supply-chains"
    }
  },
  {
    "id": 3,
    "name": "Clementine Bauch",
    "username": "Samantha",
    "email": "Nathan@yesenia.net",
    "address": {
      "street": "Douglas Extension",
      "suite": "Suite 847",
      "city": "McKenziehaven",
      "zipcode": "59590-4157",
      "geo": {
        "lat": "-68.6102",
        "lng": "-47.0653"
      }
    },
    "phone": "1-463-123-4447",
    "website": "ramiro.info",
    "company": {
      "name": "Romaguera-Jacobson",
      "catchPhrase": "Face to face bifurcated interface",
      "bs": "e-enable strategic applications"
    }
  },
  {
    "id": 4,
    "name": "Patricia Lebsack",
    "username": "Karianne",
    "email": "Julianne.OConner@kory.org",
    "address": {
      "street": "Hoeger Mall",
      "suite": "Apt. 692",
      "city": "South Elvis",
      "zipcode": "53919-4257",
      "geo": {
        "lat": "29.4572",
        "lng": "-164.2990"
      }
    },
    "phone": "493-170-9623 x156",
    "website": "kale.biz",
    "company": {
      "name": "Robel-Corkery",
      "catchPhrase": "Multi-tiered zero tolerance productivity",
      "bs": "transition cutting-edge web services"
    }
  },
  {
    "id": 5,
    "name": "Chelsey Dietrich",
    "username": "Kamren",
    "email": "Lucio_Hettinger@annie.ca",
    "address": {
      "street": "Skiles Walks",
      "suite": "Suite 351",
      "city": "Roscoeview",
      "zipcode": "33263",
      "geo": {
        "lat": "-31.8129",
        "lng": "62.5342"
      }
    },
    "phone": "(254)954-1289",
    "website": "demarco.info",
    "company": {
      "name": "Keebler LLC",
      "catchPhrase": "User-centric fault-tolerant solution",
      "bs": "revolutionize end-to-end systems"
    }
  },
  {
    "id": 6,
    "name": "Mrs. Dennis Schulist",
    "username": "Leopoldo_Corkery",
    "email": "Karley_Dach@jasper.info",
    "address": {
      "street": "Norberto Crossing",
      "suite": "Apt. 950",
      "city": "South Christy",
      "zipcode": "23505-1337",
      "geo": {
        "lat": "-71.4197",
        "lng": "71.7478"
      }
    },
    "phone": "1-477-935-8478 x6430",
    "website": "ola.org",
    "company": {
      "name": "Considine-Lockman",
      "catchPhrase": "Synchronised bottom-line interface",
      "bs": "e-enable innovative applications"
    }
  },
  {
    "id": 7,
    "name": "Kurtis Weissnat",
    "username": "Elwyn.Skiles",
    "email": "Telly.Hoeger@billy.biz",
    "address": {
      "street": "Rex Trail",
      "suite": "Suite 280",
      "city": "Howemouth",
      "zipcode": "58804-1099",
      "geo": {
        "lat": "24.8918",
        "lng": "21.8984"
      }
    },
    "phone": "210.067.6132",
    "website": "elvis.io",
    "company": {
      "name": "Johns Group",
      "catchPhrase": "Configurable multimedia task-force",
      "bs": "generate enterprise e-tailers"
    }
  },
  {
    "id": 8,
    "name": "Nicholas Runolfsdottir V",
    "username": "Maxime_Nienow",
    "email": "Sherwood@rosamond.me",
    "address": {
      "street": "Ellsworth Summit",
      "suite": "Suite 729",
      "city": "Aliyaview",
      "zipcode": "45169",
      "geo": {
        "lat": "-14.3990",
        "lng": "-120.7677"
      }
    },
    "phone": "586.493.6943 x140",
    "website": "jacynthe.com",
    "company": {
      "name": "Abernathy Group",
      "catchPhrase": "Implemented secondary concept",
      "bs": "e-enable extensible e-tailers"
    }
  },
  {
    "id": 9,
    "name": "Glenna Reichert",
    "username": "Delphine",
    "email": "Chaim_McDermott@dana.io",
    "address": {
      "street": "Dayna Park",
      "suite": "Suite 449",
      "city": "Bartholomebury",
      "zipcode": "76495-3109",
      "geo": {
        "lat": "24.6463",
        "lng": "-168.8889"
      }
    },
    "phone": "(775)976-6794 x41206",
    "website": "conrad.com",
    "company": {
      "name": "Yost and Sons",
      "catchPhrase": "Switchable contextually-based project",
      "bs": "aggregate real-time technologies"
    }
  },
  {
    "id": 10,
    "name": "Clementina DuBuque",
    "username": "Moriah.Stanton",
    "email": "Rey.Padberg@karina.biz",
    "address": {
      "street": "Kattie Turnpike",
      "suite": "Suite 198",
      "city": "Lebsackbury",
      "zipcode": "31428-2261",
      "geo": {
        "lat": "-38.2386",
        "lng": "57.2232"
      }
    },
    "phone": "024-648-3804",
    "website": "ambrose.net",
    "company": {
      "name": "Hoeger LLC",
      "catchPhrase": "Centralized empowering task-force",
      "bs": "target end-to-end models"
    }
  }
]

13:15:49.663 [pool-2-thread-1] DEBUG com.intuit.karate - request:
2 > GET https://jsonplaceholder.typicode.com/users/1
2 > Host: jsonplaceholder.typicode.com
2 > Connection: Keep-Alive
2 > User-Agent: Apache-HttpClient/4.5.14 (Java/21.0.9)
2 > Accept-Encoding: gzip,deflate


13:15:49.686 [pool-2-thread-2] DEBUG com.intuit.karate - response time in milliseconds: 592
1 < 201
1 < Date: Sat, 14 Feb 2026 18:15:49 GMT
1 < Content-Type: application/json; charset=utf-8
1 < Content-Length: 216
1 < Connection: keep-alive
1 < access-control-allow-credentials: true
1 < access-control-expose-headers: Location
1 < Cache-Control: no-cache
1 < etag: W/"d8-pYV7+YuMGP2hxHPU9ARrf97ifDA"
1 < expires: -1
1 < location: https://jsonplaceholder.typicode.com/users/11
1 < nel: {"report_to":"heroku-nel","response_headers":["Via"],"max_age":3600,"success_fraction":0.01,"failure_fraction":0.1}
1 < pragma: no-cache
1 < report-to: {"group":"heroku-nel","endpoints":[{"url":"https://nel.heroku.com/reports?s=djuhUFVv4hLMKCdO48zhKdkOFQ3HbA0YFX5MAOaJSrI%3D\u0026sid=e11707d5-02a7-43ef-b45e-2cf4d2036f7d\u0026ts=1771092949"}],"max_age":3600}
1 < reporting-endpoints: heroku-nel="https://nel.heroku.com/reports?s=djuhUFVv4hLMKCdO48zhKdkOFQ3HbA0YFX5MAOaJSrI%3D&sid=e11707d5-02a7-43ef-b45e-2cf4d2036f7d&ts=1771092949"
1 < Server: cloudflare
1 < vary: Origin, X-HTTP-Method-Override, Accept-Encoding
1 < via: 2.0 heroku-router
1 < x-content-type-options: nosniff
1 < x-powered-by: Express
1 < x-ratelimit-limit: 1000
1 < x-ratelimit-remaining: 999
1 < x-ratelimit-reset: 1771092976
1 < cf-cache-status: DYNAMIC
1 < Server-Timing: cfCacheStatus;desc="DYNAMIC"
1 < Server-Timing: cfEdge;dur=2,cfOrigin;dur=71
1 < CF-RAY: 9cde8d98ba515129-MIA
1 < alt-svc: h3=":443"; ma=86400
{
  "name": "Test User",
  "username": "testuser",
  "email": "test@user.com",
  "address": {
    "street": "Has No Name",
    "suite": "Apt. 123",
    "city": "Electri",
    "zipcode": "54321-6789"
  },
  "id": 11
}

13:15:49.698 [pool-2-thread-2] INFO  com.intuit.karate - [print] created id is:  11 
13:15:49.886 [pool-2-thread-1] DEBUG com.intuit.karate - response time in milliseconds: 223
2 < 200
2 < Date: Sat, 14 Feb 2026 18:15:50 GMT
2 < Content-Type: application/json; charset=utf-8
2 < Transfer-Encoding: chunked
2 < Connection: keep-alive
2 < access-control-allow-credentials: true
2 < Cache-Control: max-age=43200
2 < etag: W/"1fd-+2Y3G3w049iSZtw5t1mzSnunngE"
2 < expires: -1
2 < nel: {"report_to":"heroku-nel","response_headers":["Via"],"max_age":3600,"success_fraction":0.01,"failure_fraction":0.1}
2 < pragma: no-cache
2 < report-to: {"group":"heroku-nel","endpoints":[{"url":"https://nel.heroku.com/reports?s=4wr%2Bnmw15ydmM7sHkRzVD1UvFPeouPjJ%2Fbavh4Wd%2BGc%3D\u0026sid=e11707d5-02a7-43ef-b45e-2cf4d2036f7d\u0026ts=1771074750"}],"max_age":3600}
2 < reporting-endpoints: heroku-nel="https://nel.heroku.com/reports?s=4wr%2Bnmw15ydmM7sHkRzVD1UvFPeouPjJ%2Fbavh4Wd%2BGc%3D&sid=e11707d5-02a7-43ef-b45e-2cf4d2036f7d&ts=1771074750"
2 < Server: cloudflare
2 < vary: Origin, Accept-Encoding
2 < via: 2.0 heroku-router
2 < x-content-type-options: nosniff
2 < x-powered-by: Express
2 < x-ratelimit-limit: 1000
2 < x-ratelimit-remaining: 953
2 < x-ratelimit-reset: 1771074801
2 < Age: 18200
2 < Server-Timing: cfCacheStatus;desc="HIT"
2 < Server-Timing: cfEdge;dur=14,cfOrigin;dur=0
2 < cf-cache-status: HIT
2 < CF-RAY: 9cde8d9a4d96dd52-MIA
2 < alt-svc: h3=":443"; ma=86400
{
  "id": 1,
  "name": "Leanne Graham",
  "username": "Bret",
  "email": "Sincere@april.biz",
  "address": {
    "street": "Kulas Light",
    "suite": "Apt. 556",
    "city": "Gwenborough",
    "zipcode": "92998-3874",
    "geo": {
      "lat": "-37.3159",
      "lng": "81.1496"
    }
  },
  "phone": "1-770-736-8031 x56442",
  "website": "hildegard.org",
  "company": {
    "name": "Romaguera-Crona",
    "catchPhrase": "Multi-layered client-server neural-net",
    "bs": "harness real-time e-markets"
  }
}

13:15:50.694 [pool-3-thread-1] INFO  com.intuit.karate.Suite - <<pass>> feature 1 of 1 (0 remaining) classpath:examples/users/users.feature
13:16:18.273 [main] DEBUG com.intuit.karate.Suite - [config] classpath:karate-config.js
13:16:18.279 [main] INFO  com.intuit.karate.Suite - backed up existing 'target\karate-reports' dir to: target\karate-reports_1771092978277
13:16:19.695 [pool-2-thread-1] INFO  com.intuit.karate - karate.env system property was: null 
13:16:19.695 [pool-2-thread-2] INFO  com.intuit.karate - karate.env system property was: null 
13:16:20.075 [pool-2-thread-1] DEBUG com.intuit.karate - request:
1 > GET https://jsonplaceholder.typicode.com/users
1 > Host: jsonplaceholder.typicode.com
1 > Connection: Keep-Alive
1 > User-Agent: Apache-HttpClient/4.5.14 (Java/21.0.9)
1 > Accept-Encoding: gzip,deflate


13:16:20.076 [pool-2-thread-2] DEBUG com.intuit.karate - request:
1 > POST https://jsonplaceholder.typicode.com/users
1 > Content-Type: application/json; charset=UTF-8
1 > Content-Length: 160
1 > Host: jsonplaceholder.typicode.com
1 > Connection: Keep-Alive
1 > User-Agent: Apache-HttpClient/4.5.14 (Java/21.0.9)
1 > Accept-Encoding: gzip,deflate
{"name":"Test User","username":"testuser","email":"test@user.com","address":{"street":"Has No Name","suite":"Apt. 123","city":"Electri","zipcode":"54321-6789"}}

13:16:20.554 [pool-2-thread-1] DEBUG com.intuit.karate - response time in milliseconds: 476
1 < 200
1 < Date: Sat, 14 Feb 2026 18:16:20 GMT
1 < Content-Type: application/json; charset=utf-8
1 < Connection: keep-alive
1 < access-control-allow-credentials: true
1 < Cache-Control: max-age=43200
1 < etag: W/"160d-1eMSsxeJRfnVLRBmYJSbCiJZ1qQ"
1 < expires: -1
1 < nel: {"report_to":"heroku-nel","response_headers":["Via"],"max_age":3600,"success_fraction":0.01,"failure_fraction":0.1}
1 < pragma: no-cache
1 < report-to: {"group":"heroku-nel","endpoints":[{"url":"https://nel.heroku.com/reports?s=B%2FuQuBbpSjAYjlm%2F6L0%2Fq1k%2F9xvTexo8XnPe4S655Qk%3D\u0026sid=e11707d5-02a7-43ef-b45e-2cf4d2036f7d\u0026ts=1761678399"}],"max_age":3600}
1 < reporting-endpoints: heroku-nel="https://nel.heroku.com/reports?s=B%2FuQuBbpSjAYjlm%2F6L0%2Fq1k%2F9xvTexo8XnPe4S655Qk%3D&sid=e11707d5-02a7-43ef-b45e-2cf4d2036f7d&ts=1761678399"
1 < Server: cloudflare
1 < vary: Origin, Accept-Encoding
1 < via: 2.0 heroku-router
1 < x-content-type-options: nosniff
1 < x-powered-by: Express
1 < x-ratelimit-limit: 1000
1 < x-ratelimit-remaining: 999
1 < x-ratelimit-reset: 1761678430
1 < Age: 1429
1 < Accept-Ranges: bytes
1 < cf-cache-status: HIT
1 < Server-Timing: cfCacheStatus;desc="HIT"
1 < Server-Timing: cfEdge;dur=3,cfOrigin;dur=0
1 < CF-RAY: 9cde8e59fa9429d6-MIA
1 < alt-svc: h3=":443"; ma=86400
[
  {
    "id": 1,
    "name": "Leanne Graham",
    "username": "Bret",
    "email": "Sincere@april.biz",
    "address": {
      "street": "Kulas Light",
      "suite": "Apt. 556",
      "city": "Gwenborough",
      "zipcode": "92998-3874",
      "geo": {
        "lat": "-37.3159",
        "lng": "81.1496"
      }
    },
    "phone": "1-770-736-8031 x56442",
    "website": "hildegard.org",
    "company": {
      "name": "Romaguera-Crona",
      "catchPhrase": "Multi-layered client-server neural-net",
      "bs": "harness real-time e-markets"
    }
  },
  {
    "id": 2,
    "name": "Ervin Howell",
    "username": "Antonette",
    "email": "Shanna@melissa.tv",
    "address": {
      "street": "Victor Plains",
      "suite": "Suite 879",
      "city": "Wisokyburgh",
      "zipcode": "90566-7771",
      "geo": {
        "lat": "-43.9509",
        "lng": "-34.4618"
      }
    },
    "phone": "010-692-6593 x09125",
    "website": "anastasia.net",
    "company": {
      "name": "Deckow-Crist",
      "catchPhrase": "Proactive didactic contingency",
      "bs": "synergize scalable supply-chains"
    }
  },
  {
    "id": 3,
    "name": "Clementine Bauch",
    "username": "Samantha",
    "email": "Nathan@yesenia.net",
    "address": {
      "street": "Douglas Extension",
      "suite": "Suite 847",
      "city": "McKenziehaven",
      "zipcode": "59590-4157",
      "geo": {
        "lat": "-68.6102",
        "lng": "-47.0653"
      }
    },
    "phone": "1-463-123-4447",
    "website": "ramiro.info",
    "company": {
      "name": "Romaguera-Jacobson",
      "catchPhrase": "Face to face bifurcated interface",
      "bs": "e-enable strategic applications"
    }
  },
  {
    "id": 4,
    "name": "Patricia Lebsack",
    "username": "Karianne",
    "email": "Julianne.OConner@kory.org",
    "address": {
      "street": "Hoeger Mall",
      "suite": "Apt. 692",
      "city": "South Elvis",
      "zipcode": "53919-4257",
      "geo": {
        "lat": "29.4572",
        "lng": "-164.2990"
      }
    },
    "phone": "493-170-9623 x156",
    "website": "kale.biz",
    "company": {
      "name": "Robel-Corkery",
      "catchPhrase": "Multi-tiered zero tolerance productivity",
      "bs": "transition cutting-edge web services"
    }
  },
  {
    "id": 5,
    "name": "Chelsey Dietrich",
    "username": "Kamren",
    "email": "Lucio_Hettinger@annie.ca",
    "address": {
      "street": "Skiles Walks",
      "suite": "Suite 351",
      "city": "Roscoeview",
      "zipcode": "33263",
      "geo": {
        "lat": "-31.8129",
        "lng": "62.5342"
      }
    },
    "phone": "(254)954-1289",
    "website": "demarco.info",
    "company": {
      "name": "Keebler LLC",
      "catchPhrase": "User-centric fault-tolerant solution",
      "bs": "revolutionize end-to-end systems"
    }
  },
  {
    "id": 6,
    "name": "Mrs. Dennis Schulist",
    "username": "Leopoldo_Corkery",
    "email": "Karley_Dach@jasper.info",
    "address": {
      "street": "Norberto Crossing",
      "suite": "Apt. 950",
      "city": "South Christy",
      "zipcode": "23505-1337",
      "geo": {
        "lat": "-71.4197",
        "lng": "71.7478"
      }
    },
    "phone": "1-477-935-8478 x6430",
    "website": "ola.org",
    "company": {
      "name": "Considine-Lockman",
      "catchPhrase": "Synchronised bottom-line interface",
      "bs": "e-enable innovative applications"
    }
  },
  {
    "id": 7,
    "name": "Kurtis Weissnat",
    "username": "Elwyn.Skiles",
    "email": "Telly.Hoeger@billy.biz",
    "address": {
      "street": "Rex Trail",
      "suite": "Suite 280",
      "city": "Howemouth",
      "zipcode": "58804-1099",
      "geo": {
        "lat": "24.8918",
        "lng": "21.8984"
      }
    },
    "phone": "210.067.6132",
    "website": "elvis.io",
    "company": {
      "name": "Johns Group",
      "catchPhrase": "Configurable multimedia task-force",
      "bs": "generate enterprise e-tailers"
    }
  },
  {
    "id": 8,
    "name": "Nicholas Runolfsdottir V",
    "username": "Maxime_Nienow",
    "email": "Sherwood@rosamond.me",
    "address": {
      "street": "Ellsworth Summit",
      "suite": "Suite 729",
      "city": "Aliyaview",
      "zipcode": "45169",
      "geo": {
        "lat": "-14.3990",
        "lng": "-120.7677"
      }
    },
    "phone": "586.493.6943 x140",
    "website": "jacynthe.com",
    "company": {
      "name": "Abernathy Group",
      "catchPhrase": "Implemented secondary concept",
      "bs": "e-enable extensible e-tailers"
    }
  },
  {
    "id": 9,
    "name": "Glenna Reichert",
    "username": "Delphine",
    "email": "Chaim_McDermott@dana.io",
    "address": {
      "street": "Dayna Park",
      "suite": "Suite 449",
      "city": "Bartholomebury",
      "zipcode": "76495-3109",
      "geo": {
        "lat": "24.6463",
        "lng": "-168.8889"
      }
    },
    "phone": "(775)976-6794 x41206",
    "website": "conrad.com",
    "company": {
      "name": "Yost and Sons",
      "catchPhrase": "Switchable contextually-based project",
      "bs": "aggregate real-time technologies"
    }
  },
  {
    "id": 10,
    "name": "Clementina DuBuque",
    "username": "Moriah.Stanton",
    "email": "Rey.Padberg@karina.biz",
    "address": {
      "street": "Kattie Turnpike",
      "suite": "Suite 198",
      "city": "Lebsackbury",
      "zipcode": "31428-2261",
      "geo": {
        "lat": "-38.2386",
        "lng": "57.2232"
      }
    },
    "phone": "024-648-3804",
    "website": "ambrose.net",
    "company": {
      "name": "Hoeger LLC",
      "catchPhrase": "Centralized empowering task-force",
      "bs": "target end-to-end models"
    }
  }
]

13:16:20.569 [pool-2-thread-2] DEBUG com.intuit.karate - response time in milliseconds: 492
1 < 201
1 < Date: Sat, 14 Feb 2026 18:16:20 GMT
1 < Content-Type: application/json; charset=utf-8
1 < Content-Length: 216
1 < Connection: keep-alive
1 < access-control-allow-credentials: true
1 < access-control-expose-headers: Location
1 < Cache-Control: no-cache
1 < etag: W/"d8-pYV7+YuMGP2hxHPU9ARrf97ifDA"
1 < expires: -1
1 < location: https://jsonplaceholder.typicode.com/users/11
1 < nel: {"report_to":"heroku-nel","response_headers":["Via"],"max_age":3600,"success_fraction":0.01,"failure_fraction":0.1}
1 < pragma: no-cache
1 < report-to: {"group":"heroku-nel","endpoints":[{"url":"https://nel.heroku.com/reports?s=Sk1IAd8f8PJu8uppEAa9Ru1HkPGlL5XWVyl3pcGYeNc%3D\u0026sid=e11707d5-02a7-43ef-b45e-2cf4d2036f7d\u0026ts=1771092980"}],"max_age":3600}
1 < reporting-endpoints: heroku-nel="https://nel.heroku.com/reports?s=Sk1IAd8f8PJu8uppEAa9Ru1HkPGlL5XWVyl3pcGYeNc%3D&sid=e11707d5-02a7-43ef-b45e-2cf4d2036f7d&ts=1771092980"
1 < Server: cloudflare
1 < vary: Origin, X-HTTP-Method-Override, Accept-Encoding
1 < via: 2.0 heroku-router
1 < x-content-type-options: nosniff
1 < x-powered-by: Express
1 < x-ratelimit-limit: 1000
1 < x-ratelimit-remaining: 999
1 < x-ratelimit-reset: 1771093036
1 < cf-cache-status: DYNAMIC
1 < Server-Timing: cfCacheStatus;desc="DYNAMIC"
1 < Server-Timing: cfEdge;dur=2,cfOrigin;dur=24
1 < CF-RAY: 9cde8e59fa9029d6-MIA
1 < alt-svc: h3=":443"; ma=86400
{
  "name": "Test User",
  "username": "testuser",
  "email": "test@user.com",
  "address": {
    "street": "Has No Name",
    "suite": "Apt. 123",
    "city": "Electri",
    "zipcode": "54321-6789"
  },
  "id": 11
}

13:16:20.577 [pool-2-thread-2] INFO  com.intuit.karate - [print] created id is:  11 
13:16:20.586 [pool-2-thread-1] DEBUG com.intuit.karate - request:
2 > GET https://jsonplaceholder.typicode.com/users/1
2 > Host: jsonplaceholder.typicode.com
2 > Connection: Keep-Alive
2 > User-Agent: Apache-HttpClient/4.5.14 (Java/21.0.9)
2 > Accept-Encoding: gzip,deflate


13:16:20.799 [pool-2-thread-1] DEBUG com.intuit.karate - response time in milliseconds: 212
2 < 200
2 < Date: Sat, 14 Feb 2026 18:16:21 GMT
2 < Content-Type: application/json; charset=utf-8
2 < Transfer-Encoding: chunked
2 < Connection: keep-alive
2 < access-control-allow-credentials: true
2 < Cache-Control: max-age=43200
2 < etag: W/"1fd-+2Y3G3w049iSZtw5t1mzSnunngE"
2 < expires: -1
2 < nel: {"report_to":"heroku-nel","response_headers":["Via"],"max_age":3600,"success_fraction":0.01,"failure_fraction":0.1}
2 < pragma: no-cache
2 < report-to: {"group":"heroku-nel","endpoints":[{"url":"https://nel.heroku.com/reports?s=4wr%2Bnmw15ydmM7sHkRzVD1UvFPeouPjJ%2Fbavh4Wd%2BGc%3D\u0026sid=e11707d5-02a7-43ef-b45e-2cf4d2036f7d\u0026ts=1771074750"}],"max_age":3600}
2 < reporting-endpoints: heroku-nel="https://nel.heroku.com/reports?s=4wr%2Bnmw15ydmM7sHkRzVD1UvFPeouPjJ%2Fbavh4Wd%2BGc%3D&sid=e11707d5-02a7-43ef-b45e-2cf4d2036f7d&ts=1771074750"
2 < Server: cloudflare
2 < vary: Origin, Accept-Encoding
2 < via: 2.0 heroku-router
2 < x-content-type-options: nosniff
2 < x-powered-by: Express
2 < x-ratelimit-limit: 1000
2 < x-ratelimit-remaining: 953
2 < x-ratelimit-reset: 1771074801
2 < Age: 18230
2 < Server-Timing: cfCacheStatus;desc="HIT"
2 < Server-Timing: cfEdge;dur=4,cfOrigin;dur=0
2 < cf-cache-status: HIT
2 < CF-RAY: 9cde8e5b88641efb-MIA
2 < alt-svc: h3=":443"; ma=86400
{
  "id": 1,
  "name": "Leanne Graham",
  "username": "Bret",
  "email": "Sincere@april.biz",
  "address": {
    "street": "Kulas Light",
    "suite": "Apt. 556",
    "city": "Gwenborough",
    "zipcode": "92998-3874",
    "geo": {
      "lat": "-37.3159",
      "lng": "81.1496"
    }
  },
  "phone": "1-770-736-8031 x56442",
  "website": "hildegard.org",
  "company": {
    "name": "Romaguera-Crona",
    "catchPhrase": "Multi-layered client-server neural-net",
    "bs": "harness real-time e-markets"
  }
}

13:16:21.742 [pool-3-thread-1] INFO  com.intuit.karate.Suite - <<pass>> feature 1 of 1 (0 remaining) classpath:examples/users/users.feature
13:21:11.398 [main] DEBUG com.intuit.karate.Suite - [config] classpath:karate-config.js
13:21:11.413 [main] INFO  com.intuit.karate.Suite - backed up existing 'target\karate-reports' dir to: target\karate-reports_1771093271413
13:21:12.767 [pool-2-thread-2] INFO  com.intuit.karate - karate.env system property was: null 
13:21:12.767 [pool-2-thread-1] INFO  com.intuit.karate - karate.env system property was: null 
13:21:13.188 [pool-2-thread-1] DEBUG com.intuit.karate - request:
1 > GET https://jsonplaceholder.typicode.com/users
1 > Host: jsonplaceholder.typicode.com
1 > Connection: Keep-Alive
1 > User-Agent: Apache-HttpClient/4.5.14 (Java/21.0.9)
1 > Accept-Encoding: gzip,deflate


13:21:13.188 [pool-2-thread-2] DEBUG com.intuit.karate - request:
1 > POST https://jsonplaceholder.typicode.com/users
1 > Content-Type: application/json; charset=UTF-8
1 > Content-Length: 160
1 > Host: jsonplaceholder.typicode.com
1 > Connection: Keep-Alive
1 > User-Agent: Apache-HttpClient/4.5.14 (Java/21.0.9)
1 > Accept-Encoding: gzip,deflate
{"name":"Test User","username":"testuser","email":"test@user.com","address":{"street":"Has No Name","suite":"Apt. 123","city":"Electri","zipcode":"54321-6789"}}

13:21:13.691 [pool-2-thread-1] DEBUG com.intuit.karate - response time in milliseconds: 486
1 < 200
1 < Date: Sat, 14 Feb 2026 18:21:13 GMT
1 < Content-Type: application/json; charset=utf-8
1 < Connection: keep-alive
1 < access-control-allow-credentials: true
1 < Cache-Control: max-age=43200
1 < etag: W/"160d-1eMSsxeJRfnVLRBmYJSbCiJZ1qQ"
1 < expires: -1
1 < nel: {"report_to":"heroku-nel","response_headers":["Via"],"max_age":3600,"success_fraction":0.01,"failure_fraction":0.1}
1 < pragma: no-cache
1 < report-to: {"group":"heroku-nel","endpoints":[{"url":"https://nel.heroku.com/reports?s=B%2FuQuBbpSjAYjlm%2F6L0%2Fq1k%2F9xvTexo8XnPe4S655Qk%3D\u0026sid=e11707d5-02a7-43ef-b45e-2cf4d2036f7d\u0026ts=1761678399"}],"max_age":3600}
1 < reporting-endpoints: heroku-nel="https://nel.heroku.com/reports?s=B%2FuQuBbpSjAYjlm%2F6L0%2Fq1k%2F9xvTexo8XnPe4S655Qk%3D&sid=e11707d5-02a7-43ef-b45e-2cf4d2036f7d&ts=1761678399"
1 < Server: cloudflare
1 < vary: Origin, Accept-Encoding
1 < via: 2.0 heroku-router
1 < x-content-type-options: nosniff
1 < x-powered-by: Express
1 < x-ratelimit-limit: 1000
1 < x-ratelimit-remaining: 999
1 < x-ratelimit-reset: 1761678430
1 < Age: 1722
1 < Accept-Ranges: bytes
1 < cf-cache-status: HIT
1 < Server-Timing: cfCacheStatus;desc="HIT"
1 < Server-Timing: cfEdge;dur=16,cfOrigin;dur=0
1 < CF-RAY: 9cde9581ef20ddd5-MIA
1 < alt-svc: h3=":443"; ma=86400
[
  {
    "id": 1,
    "name": "Leanne Graham",
    "username": "Bret",
    "email": "Sincere@april.biz",
    "address": {
      "street": "Kulas Light",
      "suite": "Apt. 556",
      "city": "Gwenborough",
      "zipcode": "92998-3874",
      "geo": {
        "lat": "-37.3159",
        "lng": "81.1496"
      }
    },
    "phone": "1-770-736-8031 x56442",
    "website": "hildegard.org",
    "company": {
      "name": "Romaguera-Crona",
      "catchPhrase": "Multi-layered client-server neural-net",
      "bs": "harness real-time e-markets"
    }
  },
  {
    "id": 2,
    "name": "Ervin Howell",
    "username": "Antonette",
    "email": "Shanna@melissa.tv",
    "address": {
      "street": "Victor Plains",
      "suite": "Suite 879",
      "city": "Wisokyburgh",
      "zipcode": "90566-7771",
      "geo": {
        "lat": "-43.9509",
        "lng": "-34.4618"
      }
    },
    "phone": "010-692-6593 x09125",
    "website": "anastasia.net",
    "company": {
      "name": "Deckow-Crist",
      "catchPhrase": "Proactive didactic contingency",
      "bs": "synergize scalable supply-chains"
    }
  },
  {
    "id": 3,
    "name": "Clementine Bauch",
    "username": "Samantha",
    "email": "Nathan@yesenia.net",
    "address": {
      "street": "Douglas Extension",
      "suite": "Suite 847",
      "city": "McKenziehaven",
      "zipcode": "59590-4157",
      "geo": {
        "lat": "-68.6102",
        "lng": "-47.0653"
      }
    },
    "phone": "1-463-123-4447",
    "website": "ramiro.info",
    "company": {
      "name": "Romaguera-Jacobson",
      "catchPhrase": "Face to face bifurcated interface",
      "bs": "e-enable strategic applications"
    }
  },
  {
    "id": 4,
    "name": "Patricia Lebsack",
    "username": "Karianne",
    "email": "Julianne.OConner@kory.org",
    "address": {
      "street": "Hoeger Mall",
      "suite": "Apt. 692",
      "city": "South Elvis",
      "zipcode": "53919-4257",
      "geo": {
        "lat": "29.4572",
        "lng": "-164.2990"
      }
    },
    "phone": "493-170-9623 x156",
    "website": "kale.biz",
    "company": {
      "name": "Robel-Corkery",
      "catchPhrase": "Multi-tiered zero tolerance productivity",
      "bs": "transition cutting-edge web services"
    }
  },
  {
    "id": 5,
    "name": "Chelsey Dietrich",
    "username": "Kamren",
    "email": "Lucio_Hettinger@annie.ca",
    "address": {
      "street": "Skiles Walks",
      "suite": "Suite 351",
      "city": "Roscoeview",
      "zipcode": "33263",
      "geo": {
        "lat": "-31.8129",
        "lng": "62.5342"
      }
    },
    "phone": "(254)954-1289",
    "website": "demarco.info",
    "company": {
      "name": "Keebler LLC",
      "catchPhrase": "User-centric fault-tolerant solution",
      "bs": "revolutionize end-to-end systems"
    }
  },
  {
    "id": 6,
    "name": "Mrs. Dennis Schulist",
    "username": "Leopoldo_Corkery",
    "email": "Karley_Dach@jasper.info",
    "address": {
      "street": "Norberto Crossing",
      "suite": "Apt. 950",
      "city": "South Christy",
      "zipcode": "23505-1337",
      "geo": {
        "lat": "-71.4197",
        "lng": "71.7478"
      }
    },
    "phone": "1-477-935-8478 x6430",
    "website": "ola.org",
    "company": {
      "name": "Considine-Lockman",
      "catchPhrase": "Synchronised bottom-line interface",
      "bs": "e-enable innovative applications"
    }
  },
  {
    "id": 7,
    "name": "Kurtis Weissnat",
    "username": "Elwyn.Skiles",
    "email": "Telly.Hoeger@billy.biz",
    "address": {
      "street": "Rex Trail",
      "suite": "Suite 280",
      "city": "Howemouth",
      "zipcode": "58804-1099",
      "geo": {
        "lat": "24.8918",
        "lng": "21.8984"
      }
    },
    "phone": "210.067.6132",
    "website": "elvis.io",
    "company": {
      "name": "Johns Group",
      "catchPhrase": "Configurable multimedia task-force",
      "bs": "generate enterprise e-tailers"
    }
  },
  {
    "id": 8,
    "name": "Nicholas Runolfsdottir V",
    "username": "Maxime_Nienow",
    "email": "Sherwood@rosamond.me",
    "address": {
      "street": "Ellsworth Summit",
      "suite": "Suite 729",
      "city": "Aliyaview",
      "zipcode": "45169",
      "geo": {
        "lat": "-14.3990",
        "lng": "-120.7677"
      }
    },
    "phone": "586.493.6943 x140",
    "website": "jacynthe.com",
    "company": {
      "name": "Abernathy Group",
      "catchPhrase": "Implemented secondary concept",
      "bs": "e-enable extensible e-tailers"
    }
  },
  {
    "id": 9,
    "name": "Glenna Reichert",
    "username": "Delphine",
    "email": "Chaim_McDermott@dana.io",
    "address": {
      "street": "Dayna Park",
      "suite": "Suite 449",
      "city": "Bartholomebury",
      "zipcode": "76495-3109",
      "geo": {
        "lat": "24.6463",
        "lng": "-168.8889"
      }
    },
    "phone": "(775)976-6794 x41206",
    "website": "conrad.com",
    "company": {
      "name": "Yost and Sons",
      "catchPhrase": "Switchable contextually-based project",
      "bs": "aggregate real-time technologies"
    }
  },
  {
    "id": 10,
    "name": "Clementina DuBuque",
    "username": "Moriah.Stanton",
    "email": "Rey.Padberg@karina.biz",
    "address": {
      "street": "Kattie Turnpike",
      "suite": "Suite 198",
      "city": "Lebsackbury",
      "zipcode": "31428-2261",
      "geo": {
        "lat": "-38.2386",
        "lng": "57.2232"
      }
    },
    "phone": "024-648-3804",
    "website": "ambrose.net",
    "company": {
      "name": "Hoeger LLC",
      "catchPhrase": "Centralized empowering task-force",
      "bs": "target end-to-end models"
    }
  }
]

13:21:13.691 [pool-2-thread-2] DEBUG com.intuit.karate - response time in milliseconds: 503
1 < 201
1 < Date: Sat, 14 Feb 2026 18:21:13 GMT
1 < Content-Type: application/json; charset=utf-8
1 < Content-Length: 216
1 < Connection: keep-alive
1 < access-control-allow-credentials: true
1 < access-control-expose-headers: Location
1 < Cache-Control: no-cache
1 < etag: W/"d8-pYV7+YuMGP2hxHPU9ARrf97ifDA"
1 < expires: -1
1 < location: https://jsonplaceholder.typicode.com/users/11
1 < nel: {"report_to":"heroku-nel","response_headers":["Via"],"max_age":3600,"success_fraction":0.01,"failure_fraction":0.1}
1 < pragma: no-cache
1 < report-to: {"group":"heroku-nel","endpoints":[{"url":"https://nel.heroku.com/reports?s=KwYYin3ig8zEpR%2F7oUc25Tw05cZax6CUEeCh%2FSencHM%3D\u0026sid=e11707d5-02a7-43ef-b45e-2cf4d2036f7d\u0026ts=1771093273"}],"max_age":3600}
1 < reporting-endpoints: heroku-nel="https://nel.heroku.com/reports?s=KwYYin3ig8zEpR%2F7oUc25Tw05cZax6CUEeCh%2FSencHM%3D&sid=e11707d5-02a7-43ef-b45e-2cf4d2036f7d&ts=1771093273"
1 < Server: cloudflare
1 < vary: Origin, X-HTTP-Method-Override, Accept-Encoding
1 < via: 2.0 heroku-router
1 < x-content-type-options: nosniff
1 < x-powered-by: Express
1 < x-ratelimit-limit: 1000
1 < x-ratelimit-remaining: 999
1 < x-ratelimit-reset: 1771093276
1 < cf-cache-status: DYNAMIC
1 < Server-Timing: cfCacheStatus;desc="DYNAMIC"
1 < Server-Timing: cfEdge;dur=2,cfOrigin;dur=24
1 < CF-RAY: 9cde9581e898b25a-MIA
1 < alt-svc: h3=":443"; ma=86400
{
  "name": "Test User",
  "username": "testuser",
  "email": "test@user.com",
  "address": {
    "street": "Has No Name",
    "suite": "Apt. 123",
    "city": "Electri",
    "zipcode": "54321-6789"
  },
  "id": 11
}

13:21:13.700 [pool-2-thread-2] INFO  com.intuit.karate - [print] created id is:  11 
13:21:13.715 [pool-2-thread-1] DEBUG com.intuit.karate - request:
2 > GET https://jsonplaceholder.typicode.com/users/1
2 > Host: jsonplaceholder.typicode.com
2 > Connection: Keep-Alive
2 > User-Agent: Apache-HttpClient/4.5.14 (Java/21.0.9)
2 > Accept-Encoding: gzip,deflate


13:21:13.935 [pool-2-thread-1] DEBUG com.intuit.karate - response time in milliseconds: 220
2 < 200
2 < Date: Sat, 14 Feb 2026 18:21:14 GMT
2 < Content-Type: application/json; charset=utf-8
2 < Transfer-Encoding: chunked
2 < Connection: keep-alive
2 < access-control-allow-credentials: true
2 < Cache-Control: max-age=43200
2 < etag: W/"1fd-+2Y3G3w049iSZtw5t1mzSnunngE"
2 < expires: -1
2 < nel: {"report_to":"heroku-nel","response_headers":["Via"],"max_age":3600,"success_fraction":0.01,"failure_fraction":0.1}
2 < pragma: no-cache
2 < report-to: {"group":"heroku-nel","endpoints":[{"url":"https://nel.heroku.com/reports?s=4wr%2Bnmw15ydmM7sHkRzVD1UvFPeouPjJ%2Fbavh4Wd%2BGc%3D\u0026sid=e11707d5-02a7-43ef-b45e-2cf4d2036f7d\u0026ts=1771074750"}],"max_age":3600}
2 < reporting-endpoints: heroku-nel="https://nel.heroku.com/reports?s=4wr%2Bnmw15ydmM7sHkRzVD1UvFPeouPjJ%2Fbavh4Wd%2BGc%3D&sid=e11707d5-02a7-43ef-b45e-2cf4d2036f7d&ts=1771074750"
2 < Server: cloudflare
2 < vary: Origin, Accept-Encoding
2 < via: 2.0 heroku-router
2 < x-content-type-options: nosniff
2 < x-powered-by: Express
2 < x-ratelimit-limit: 1000
2 < x-ratelimit-remaining: 953
2 < x-ratelimit-reset: 1771074801
2 < Age: 18524
2 < Server-Timing: cfCacheStatus;desc="HIT"
2 < Server-Timing: cfEdge;dur=4,cfOrigin;dur=0
2 < cf-cache-status: HIT
2 < CF-RAY: 9cde95838ca4a3df-MIA
2 < alt-svc: h3=":443"; ma=86400
{
  "id": 1,
  "name": "Leanne Graham",
  "username": "Bret",
  "email": "Sincere@april.biz",
  "address": {
    "street": "Kulas Light",
    "suite": "Apt. 556",
    "city": "Gwenborough",
    "zipcode": "92998-3874",
    "geo": {
      "lat": "-37.3159",
      "lng": "81.1496"
    }
  },
  "phone": "1-770-736-8031 x56442",
  "website": "hildegard.org",
  "company": {
    "name": "Romaguera-Crona",
    "catchPhrase": "Multi-layered client-server neural-net",
    "bs": "harness real-time e-markets"
  }
}

13:21:14.689 [pool-3-thread-1] INFO  com.intuit.karate.Suite - <<pass>> feature 1 of 1 (0 remaining) classpath:examples/users/users.feature
14:19:30.473 [main] DEBUG com.intuit.karate.Suite - [config] classpath:karate-config.js
14:19:30.479 [main] INFO  com.intuit.karate.Suite - backed up existing 'target\karate-reports' dir to: target\karate-reports_1771096770477
14:19:31.750 [pool-2-thread-2] INFO  com.intuit.karate - karate.env system property was: null 
14:19:31.750 [pool-2-thread-1] INFO  com.intuit.karate - karate.env system property was: null 
14:19:32.100 [pool-2-thread-1] DEBUG com.intuit.karate - request:
1 > GET https://jsonplaceholder.typicode.com/users
1 > Host: jsonplaceholder.typicode.com
1 > Connection: Keep-Alive
1 > User-Agent: Apache-HttpClient/4.5.14 (Java/21.0.9)
1 > Accept-Encoding: gzip,deflate


14:19:32.100 [pool-2-thread-2] DEBUG com.intuit.karate - request:
1 > POST https://jsonplaceholder.typicode.com/users
1 > Content-Type: application/json; charset=UTF-8
1 > Content-Length: 160
1 > Host: jsonplaceholder.typicode.com
1 > Connection: Keep-Alive
1 > User-Agent: Apache-HttpClient/4.5.14 (Java/21.0.9)
1 > Accept-Encoding: gzip,deflate
{"name":"Test User","username":"testuser","email":"test@user.com","address":{"street":"Has No Name","suite":"Apt. 123","city":"Electri","zipcode":"54321-6789"}}

14:19:32.830 [pool-2-thread-2] DEBUG com.intuit.karate - response time in milliseconds: 727
1 < 201
1 < Date: Sat, 14 Feb 2026 19:19:33 GMT
1 < Content-Type: application/json; charset=utf-8
1 < Content-Length: 216
1 < Connection: keep-alive
1 < access-control-allow-credentials: true
1 < access-control-expose-headers: Location
1 < Cache-Control: no-cache
1 < etag: W/"d8-pYV7+YuMGP2hxHPU9ARrf97ifDA"
1 < expires: -1
1 < location: https://jsonplaceholder.typicode.com/users/11
1 < nel: {"report_to":"heroku-nel","response_headers":["Via"],"max_age":3600,"success_fraction":0.01,"failure_fraction":0.1}
1 < pragma: no-cache
1 < report-to: {"group":"heroku-nel","endpoints":[{"url":"https://nel.heroku.com/reports?s=aS%2FZZXXxhkHvGSmNgmHFJv267hmue2aN9851OWkn6N0%3D\u0026sid=e11707d5-02a7-43ef-b45e-2cf4d2036f7d\u0026ts=1771096773"}],"max_age":3600}
1 < reporting-endpoints: heroku-nel="https://nel.heroku.com/reports?s=aS%2FZZXXxhkHvGSmNgmHFJv267hmue2aN9851OWkn6N0%3D&sid=e11707d5-02a7-43ef-b45e-2cf4d2036f7d&ts=1771096773"
1 < Server: cloudflare
1 < vary: Origin, X-HTTP-Method-Override, Accept-Encoding
1 < via: 2.0 heroku-router
1 < x-content-type-options: nosniff
1 < x-powered-by: Express
1 < x-ratelimit-limit: 1000
1 < x-ratelimit-remaining: 999
1 < x-ratelimit-reset: 1771096816
1 < cf-cache-status: DYNAMIC
1 < Server-Timing: cfCacheStatus;desc="DYNAMIC"
1 < Server-Timing: cfEdge;dur=2,cfOrigin;dur=25
1 < CF-RAY: 9cdeeaf4f82b0d94-MIA
1 < alt-svc: h3=":443"; ma=86400
{
  "name": "Test User",
  "username": "testuser",
  "email": "test@user.com",
  "address": {
    "street": "Has No Name",
    "suite": "Apt. 123",
    "city": "Electri",
    "zipcode": "54321-6789"
  },
  "id": 11
}

14:19:32.830 [pool-2-thread-1] DEBUG com.intuit.karate - response time in milliseconds: 729
1 < 200
1 < Date: Sat, 14 Feb 2026 19:19:33 GMT
1 < Content-Type: application/json; charset=utf-8
1 < Connection: keep-alive
1 < access-control-allow-credentials: true
1 < Cache-Control: max-age=43200
1 < etag: W/"160d-1eMSsxeJRfnVLRBmYJSbCiJZ1qQ"
1 < expires: -1
1 < nel: {"report_to":"heroku-nel","response_headers":["Via"],"max_age":3600,"success_fraction":0.01,"failure_fraction":0.1}
1 < pragma: no-cache
1 < report-to: {"group":"heroku-nel","endpoints":[{"url":"https://nel.heroku.com/reports?s=B%2FuQuBbpSjAYjlm%2F6L0%2Fq1k%2F9xvTexo8XnPe4S655Qk%3D\u0026sid=e11707d5-02a7-43ef-b45e-2cf4d2036f7d\u0026ts=1761678399"}],"max_age":3600}
1 < reporting-endpoints: heroku-nel="https://nel.heroku.com/reports?s=B%2FuQuBbpSjAYjlm%2F6L0%2Fq1k%2F9xvTexo8XnPe4S655Qk%3D&sid=e11707d5-02a7-43ef-b45e-2cf4d2036f7d&ts=1761678399"
1 < Server: cloudflare
1 < vary: Origin, Accept-Encoding
1 < via: 2.0 heroku-router
1 < x-content-type-options: nosniff
1 < x-powered-by: Express
1 < x-ratelimit-limit: 1000
1 < x-ratelimit-remaining: 999
1 < x-ratelimit-reset: 1761678430
1 < Age: 5222
1 < Accept-Ranges: bytes
1 < cf-cache-status: HIT
1 < Server-Timing: cfCacheStatus;desc="HIT"
1 < Server-Timing: cfEdge;dur=3,cfOrigin;dur=0
1 < CF-RAY: 9cdeeaf4fa1d3015-MIA
1 < alt-svc: h3=":443"; ma=86400
[
  {
    "id": 1,
    "name": "Leanne Graham",
    "username": "Bret",
    "email": "Sincere@april.biz",
    "address": {
      "street": "Kulas Light",
      "suite": "Apt. 556",
      "city": "Gwenborough",
      "zipcode": "92998-3874",
      "geo": {
        "lat": "-37.3159",
        "lng": "81.1496"
      }
    },
    "phone": "1-770-736-8031 x56442",
    "website": "hildegard.org",
    "company": {
      "name": "Romaguera-Crona",
      "catchPhrase": "Multi-layered client-server neural-net",
      "bs": "harness real-time e-markets"
    }
  },
  {
    "id": 2,
    "name": "Ervin Howell",
    "username": "Antonette",
    "email": "Shanna@melissa.tv",
    "address": {
      "street": "Victor Plains",
      "suite": "Suite 879",
      "city": "Wisokyburgh",
      "zipcode": "90566-7771",
      "geo": {
        "lat": "-43.9509",
        "lng": "-34.4618"
      }
    },
    "phone": "010-692-6593 x09125",
    "website": "anastasia.net",
    "company": {
      "name": "Deckow-Crist",
      "catchPhrase": "Proactive didactic contingency",
      "bs": "synergize scalable supply-chains"
    }
  },
  {
    "id": 3,
    "name": "Clementine Bauch",
    "username": "Samantha",
    "email": "Nathan@yesenia.net",
    "address": {
      "street": "Douglas Extension",
      "suite": "Suite 847",
      "city": "McKenziehaven",
      "zipcode": "59590-4157",
      "geo": {
        "lat": "-68.6102",
        "lng": "-47.0653"
      }
    },
    "phone": "1-463-123-4447",
    "website": "ramiro.info",
    "company": {
      "name": "Romaguera-Jacobson",
      "catchPhrase": "Face to face bifurcated interface",
      "bs": "e-enable strategic applications"
    }
  },
  {
    "id": 4,
    "name": "Patricia Lebsack",
    "username": "Karianne",
    "email": "Julianne.OConner@kory.org",
    "address": {
      "street": "Hoeger Mall",
      "suite": "Apt. 692",
      "city": "South Elvis",
      "zipcode": "53919-4257",
      "geo": {
        "lat": "29.4572",
        "lng": "-164.2990"
      }
    },
    "phone": "493-170-9623 x156",
    "website": "kale.biz",
    "company": {
      "name": "Robel-Corkery",
      "catchPhrase": "Multi-tiered zero tolerance productivity",
      "bs": "transition cutting-edge web services"
    }
  },
  {
    "id": 5,
    "name": "Chelsey Dietrich",
    "username": "Kamren",
    "email": "Lucio_Hettinger@annie.ca",
    "address": {
      "street": "Skiles Walks",
      "suite": "Suite 351",
      "city": "Roscoeview",
      "zipcode": "33263",
      "geo": {
        "lat": "-31.8129",
        "lng": "62.5342"
      }
    },
    "phone": "(254)954-1289",
    "website": "demarco.info",
    "company": {
      "name": "Keebler LLC",
      "catchPhrase": "User-centric fault-tolerant solution",
      "bs": "revolutionize end-to-end systems"
    }
  },
  {
    "id": 6,
    "name": "Mrs. Dennis Schulist",
    "username": "Leopoldo_Corkery",
    "email": "Karley_Dach@jasper.info",
    "address": {
      "street": "Norberto Crossing",
      "suite": "Apt. 950",
      "city": "South Christy",
      "zipcode": "23505-1337",
      "geo": {
        "lat": "-71.4197",
        "lng": "71.7478"
      }
    },
    "phone": "1-477-935-8478 x6430",
    "website": "ola.org",
    "company": {
      "name": "Considine-Lockman",
      "catchPhrase": "Synchronised bottom-line interface",
      "bs": "e-enable innovative applications"
    }
  },
  {
    "id": 7,
    "name": "Kurtis Weissnat",
    "username": "Elwyn.Skiles",
    "email": "Telly.Hoeger@billy.biz",
    "address": {
      "street": "Rex Trail",
      "suite": "Suite 280",
      "city": "Howemouth",
      "zipcode": "58804-1099",
      "geo": {
        "lat": "24.8918",
        "lng": "21.8984"
      }
    },
    "phone": "210.067.6132",
    "website": "elvis.io",
    "company": {
      "name": "Johns Group",
      "catchPhrase": "Configurable multimedia task-force",
      "bs": "generate enterprise e-tailers"
    }
  },
  {
    "id": 8,
    "name": "Nicholas Runolfsdottir V",
    "username": "Maxime_Nienow",
    "email": "Sherwood@rosamond.me",
    "address": {
      "street": "Ellsworth Summit",
      "suite": "Suite 729",
      "city": "Aliyaview",
      "zipcode": "45169",
      "geo": {
        "lat": "-14.3990",
        "lng": "-120.7677"
      }
    },
    "phone": "586.493.6943 x140",
    "website": "jacynthe.com",
    "company": {
      "name": "Abernathy Group",
      "catchPhrase": "Implemented secondary concept",
      "bs": "e-enable extensible e-tailers"
    }
  },
  {
    "id": 9,
    "name": "Glenna Reichert",
    "username": "Delphine",
    "email": "Chaim_McDermott@dana.io",
    "address": {
      "street": "Dayna Park",
      "suite": "Suite 449",
      "city": "Bartholomebury",
      "zipcode": "76495-3109",
      "geo": {
        "lat": "24.6463",
        "lng": "-168.8889"
      }
    },
    "phone": "(775)976-6794 x41206",
    "website": "conrad.com",
    "company": {
      "name": "Yost and Sons",
      "catchPhrase": "Switchable contextually-based project",
      "bs": "aggregate real-time technologies"
    }
  },
  {
    "id": 10,
    "name": "Clementina DuBuque",
    "username": "Moriah.Stanton",
    "email": "Rey.Padberg@karina.biz",
    "address": {
      "street": "Kattie Turnpike",
      "suite": "Suite 198",
      "city": "Lebsackbury",
      "zipcode": "31428-2261",
      "geo": {
        "lat": "-38.2386",
        "lng": "57.2232"
      }
    },
    "phone": "024-648-3804",
    "website": "ambrose.net",
    "company": {
      "name": "Hoeger LLC",
      "catchPhrase": "Centralized empowering task-force",
      "bs": "target end-to-end models"
    }
  }
]

14:19:32.847 [pool-2-thread-2] INFO  com.intuit.karate - [print] created id is:  11 
14:19:32.858 [pool-2-thread-1] DEBUG com.intuit.karate - request:
2 > GET https://jsonplaceholder.typicode.com/users/1
2 > Host: jsonplaceholder.typicode.com
2 > Connection: Keep-Alive
2 > User-Agent: Apache-HttpClient/4.5.14 (Java/21.0.9)
2 > Accept-Encoding: gzip,deflate


14:19:33.175 [pool-2-thread-1] DEBUG com.intuit.karate - response time in milliseconds: 316
2 < 200
2 < Date: Sat, 14 Feb 2026 19:19:34 GMT
2 < Content-Type: application/json; charset=utf-8
2 < Transfer-Encoding: chunked
2 < Connection: keep-alive
2 < access-control-allow-credentials: true
2 < Cache-Control: max-age=43200
2 < etag: W/"1fd-+2Y3G3w049iSZtw5t1mzSnunngE"
2 < expires: -1
2 < nel: {"report_to":"heroku-nel","response_headers":["Via"],"max_age":3600,"success_fraction":0.01,"failure_fraction":0.1}
2 < pragma: no-cache
2 < report-to: {"group":"heroku-nel","endpoints":[{"url":"https://nel.heroku.com/reports?s=4wr%2Bnmw15ydmM7sHkRzVD1UvFPeouPjJ%2Fbavh4Wd%2BGc%3D\u0026sid=e11707d5-02a7-43ef-b45e-2cf4d2036f7d\u0026ts=1771074750"}],"max_age":3600}
2 < reporting-endpoints: heroku-nel="https://nel.heroku.com/reports?s=4wr%2Bnmw15ydmM7sHkRzVD1UvFPeouPjJ%2Fbavh4Wd%2BGc%3D&sid=e11707d5-02a7-43ef-b45e-2cf4d2036f7d&ts=1771074750"
2 < Server: cloudflare
2 < vary: Origin, Accept-Encoding
2 < via: 2.0 heroku-router
2 < x-content-type-options: nosniff
2 < x-powered-by: Express
2 < x-ratelimit-limit: 1000
2 < x-ratelimit-remaining: 953
2 < x-ratelimit-reset: 1771074801
2 < Age: 22024
2 < Server-Timing: cfCacheStatus;desc="HIT"
2 < Server-Timing: cfEdge;dur=4,cfOrigin;dur=0
2 < cf-cache-status: HIT
2 < CF-RAY: 9cdeeaf7fe2f4f2a-MIA
2 < alt-svc: h3=":443"; ma=86400
{
  "id": 1,
  "name": "Leanne Graham",
  "username": "Bret",
  "email": "Sincere@april.biz",
  "address": {
    "street": "Kulas Light",
    "suite": "Apt. 556",
    "city": "Gwenborough",
    "zipcode": "92998-3874",
    "geo": {
      "lat": "-37.3159",
      "lng": "81.1496"
    }
  },
  "phone": "1-770-736-8031 x56442",
  "website": "hildegard.org",
  "company": {
    "name": "Romaguera-Crona",
    "catchPhrase": "Multi-layered client-server neural-net",
    "bs": "harness real-time e-markets"
  }
}

14:19:33.988 [pool-3-thread-1] INFO  com.intuit.karate.Suite - <<pass>> feature 1 of 1 (0 remaining) classpath:examples/users/users.feature
23:32:47.046 [main] DEBUG com.intuit.karate.Suite - [config] classpath:karate-config.js
23:32:47.072 [main] INFO  com.intuit.karate.Suite - backed up existing 'target\karate-reports' dir to: target\karate-reports_1771389167069
23:32:49.836 [pool-1-thread-1] INFO  com.intuit.karate - karate.env system property was: null 
23:32:49.836 [pool-1-thread-2] INFO  com.intuit.karate - karate.env system property was: null 
23:32:50.420 [pool-1-thread-1] DEBUG com.intuit.karate - request:
1 > GET https://jsonplaceholder.typicode.com/users
1 > Host: jsonplaceholder.typicode.com
1 > Connection: Keep-Alive
1 > User-Agent: Apache-HttpClient/4.5.14 (Java/21.0.9)
1 > Accept-Encoding: gzip,deflate


23:32:50.420 [pool-1-thread-2] DEBUG com.intuit.karate - request:
1 > POST https://jsonplaceholder.typicode.com/users
1 > Content-Type: application/json; charset=UTF-8
1 > Content-Length: 160
1 > Host: jsonplaceholder.typicode.com
1 > Connection: Keep-Alive
1 > User-Agent: Apache-HttpClient/4.5.14 (Java/21.0.9)
1 > Accept-Encoding: gzip,deflate
{"name":"Test User","username":"testuser","email":"test@user.com","address":{"street":"Has No Name","suite":"Apt. 123","city":"Electri","zipcode":"54321-6789"}}

23:32:51.244 [pool-1-thread-1] DEBUG com.intuit.karate - response time in milliseconds: 816
1 < 200
1 < Date: Wed, 18 Feb 2026 04:32:52 GMT
1 < Content-Type: application/json; charset=utf-8
1 < Connection: keep-alive
1 < access-control-allow-credentials: true
1 < Cache-Control: max-age=43200
1 < etag: W/"160d-1eMSsxeJRfnVLRBmYJSbCiJZ1qQ"
1 < expires: -1
1 < nel: {"report_to":"heroku-nel","response_headers":["Via"],"max_age":3600,"success_fraction":0.01,"failure_fraction":0.1}
1 < pragma: no-cache
1 < report-to: {"group":"heroku-nel","endpoints":[{"url":"https://nel.heroku.com/reports?s=piXZJ%2BA0jffAJ%2BkZzHWzFLNirRucrtYGU0jxMKVTehc%3D\u0026sid=e11707d5-02a7-43ef-b45e-2cf4d2036f7d\u0026ts=1770874843"}],"max_age":3600}
1 < reporting-endpoints: heroku-nel="https://nel.heroku.com/reports?s=piXZJ%2BA0jffAJ%2BkZzHWzFLNirRucrtYGU0jxMKVTehc%3D&sid=e11707d5-02a7-43ef-b45e-2cf4d2036f7d&ts=1770874843"
1 < Server: cloudflare
1 < vary: Origin, Accept-Encoding
1 < via: 2.0 heroku-router
1 < x-content-type-options: nosniff
1 < x-powered-by: Express
1 < x-ratelimit-limit: 1000
1 < x-ratelimit-remaining: 999
1 < x-ratelimit-reset: 1770874848
1 < Age: 1095
1 < Accept-Ranges: bytes
1 < cf-cache-status: HIT
1 < Server-Timing: cfCacheStatus;desc="HIT"
1 < Server-Timing: cfEdge;dur=6,cfOrigin;dur=0
1 < CF-RAY: 9cfacd960903273d-FOR
1 < alt-svc: h3=":443"; ma=86400
[
  {
    "id": 1,
    "name": "Leanne Graham",
    "username": "Bret",
    "email": "Sincere@april.biz",
    "address": {
      "street": "Kulas Light",
      "suite": "Apt. 556",
      "city": "Gwenborough",
      "zipcode": "92998-3874",
      "geo": {
        "lat": "-37.3159",
        "lng": "81.1496"
      }
    },
    "phone": "1-770-736-8031 x56442",
    "website": "hildegard.org",
    "company": {
      "name": "Romaguera-Crona",
      "catchPhrase": "Multi-layered client-server neural-net",
      "bs": "harness real-time e-markets"
    }
  },
  {
    "id": 2,
    "name": "Ervin Howell",
    "username": "Antonette",
    "email": "Shanna@melissa.tv",
    "address": {
      "street": "Victor Plains",
      "suite": "Suite 879",
      "city": "Wisokyburgh",
      "zipcode": "90566-7771",
      "geo": {
        "lat": "-43.9509",
        "lng": "-34.4618"
      }
    },
    "phone": "010-692-6593 x09125",
    "website": "anastasia.net",
    "company": {
      "name": "Deckow-Crist",
      "catchPhrase": "Proactive didactic contingency",
      "bs": "synergize scalable supply-chains"
    }
  },
  {
    "id": 3,
    "name": "Clementine Bauch",
    "username": "Samantha",
    "email": "Nathan@yesenia.net",
    "address": {
      "street": "Douglas Extension",
      "suite": "Suite 847",
      "city": "McKenziehaven",
      "zipcode": "59590-4157",
      "geo": {
        "lat": "-68.6102",
        "lng": "-47.0653"
      }
    },
    "phone": "1-463-123-4447",
    "website": "ramiro.info",
    "company": {
      "name": "Romaguera-Jacobson",
      "catchPhrase": "Face to face bifurcated interface",
      "bs": "e-enable strategic applications"
    }
  },
  {
    "id": 4,
    "name": "Patricia Lebsack",
    "username": "Karianne",
    "email": "Julianne.OConner@kory.org",
    "address": {
      "street": "Hoeger Mall",
      "suite": "Apt. 692",
      "city": "South Elvis",
      "zipcode": "53919-4257",
      "geo": {
        "lat": "29.4572",
        "lng": "-164.2990"
      }
    },
    "phone": "493-170-9623 x156",
    "website": "kale.biz",
    "company": {
      "name": "Robel-Corkery",
      "catchPhrase": "Multi-tiered zero tolerance productivity",
      "bs": "transition cutting-edge web services"
    }
  },
  {
    "id": 5,
    "name": "Chelsey Dietrich",
    "username": "Kamren",
    "email": "Lucio_Hettinger@annie.ca",
    "address": {
      "street": "Skiles Walks",
      "suite": "Suite 351",
      "city": "Roscoeview",
      "zipcode": "33263",
      "geo": {
        "lat": "-31.8129",
        "lng": "62.5342"
      }
    },
    "phone": "(254)954-1289",
    "website": "demarco.info",
    "company": {
      "name": "Keebler LLC",
      "catchPhrase": "User-centric fault-tolerant solution",
      "bs": "revolutionize end-to-end systems"
    }
  },
  {
    "id": 6,
    "name": "Mrs. Dennis Schulist",
    "username": "Leopoldo_Corkery",
    "email": "Karley_Dach@jasper.info",
    "address": {
      "street": "Norberto Crossing",
      "suite": "Apt. 950",
      "city": "South Christy",
      "zipcode": "23505-1337",
      "geo": {
        "lat": "-71.4197",
        "lng": "71.7478"
      }
    },
    "phone": "1-477-935-8478 x6430",
    "website": "ola.org",
    "company": {
      "name": "Considine-Lockman",
      "catchPhrase": "Synchronised bottom-line interface",
      "bs": "e-enable innovative applications"
    }
  },
  {
    "id": 7,
    "name": "Kurtis Weissnat",
    "username": "Elwyn.Skiles",
    "email": "Telly.Hoeger@billy.biz",
    "address": {
      "street": "Rex Trail",
      "suite": "Suite 280",
      "city": "Howemouth",
      "zipcode": "58804-1099",
      "geo": {
        "lat": "24.8918",
        "lng": "21.8984"
      }
    },
    "phone": "210.067.6132",
    "website": "elvis.io",
    "company": {
      "name": "Johns Group",
      "catchPhrase": "Configurable multimedia task-force",
      "bs": "generate enterprise e-tailers"
    }
  },
  {
    "id": 8,
    "name": "Nicholas Runolfsdottir V",
    "username": "Maxime_Nienow",
    "email": "Sherwood@rosamond.me",
    "address": {
      "street": "Ellsworth Summit",
      "suite": "Suite 729",
      "city": "Aliyaview",
      "zipcode": "45169",
      "geo": {
        "lat": "-14.3990",
        "lng": "-120.7677"
      }
    },
    "phone": "586.493.6943 x140",
    "website": "jacynthe.com",
    "company": {
      "name": "Abernathy Group",
      "catchPhrase": "Implemented secondary concept",
      "bs": "e-enable extensible e-tailers"
    }
  },
  {
    "id": 9,
    "name": "Glenna Reichert",
    "username": "Delphine",
    "email": "Chaim_McDermott@dana.io",
    "address": {
      "street": "Dayna Park",
      "suite": "Suite 449",
      "city": "Bartholomebury",
      "zipcode": "76495-3109",
      "geo": {
        "lat": "24.6463",
        "lng": "-168.8889"
      }
    },
    "phone": "(775)976-6794 x41206",
    "website": "conrad.com",
    "company": {
      "name": "Yost and Sons",
      "catchPhrase": "Switchable contextually-based project",
      "bs": "aggregate real-time technologies"
    }
  },
  {
    "id": 10,
    "name": "Clementina DuBuque",
    "username": "Moriah.Stanton",
    "email": "Rey.Padberg@karina.biz",
    "address": {
      "street": "Kattie Turnpike",
      "suite": "Suite 198",
      "city": "Lebsackbury",
      "zipcode": "31428-2261",
      "geo": {
        "lat": "-38.2386",
        "lng": "57.2232"
      }
    },
    "phone": "024-648-3804",
    "website": "ambrose.net",
    "company": {
      "name": "Hoeger LLC",
      "catchPhrase": "Centralized empowering task-force",
      "bs": "target end-to-end models"
    }
  }
]

23:32:51.314 [pool-1-thread-1] DEBUG com.intuit.karate - request:
2 > GET https://jsonplaceholder.typicode.com/users/1
2 > Host: jsonplaceholder.typicode.com
2 > Connection: Keep-Alive
2 > User-Agent: Apache-HttpClient/4.5.14 (Java/21.0.9)
2 > Accept-Encoding: gzip,deflate


23:32:51.390 [pool-1-thread-2] DEBUG com.intuit.karate - response time in milliseconds: 968
1 < 201
1 < Date: Wed, 18 Feb 2026 04:32:52 GMT
1 < Content-Type: application/json; charset=utf-8
1 < Content-Length: 216
1 < Connection: keep-alive
1 < access-control-allow-credentials: true
1 < access-control-expose-headers: Location
1 < Cache-Control: no-cache
1 < etag: W/"d8-pYV7+YuMGP2hxHPU9ARrf97ifDA"
1 < expires: -1
1 < location: https://jsonplaceholder.typicode.com/users/11
1 < nel: {"report_to":"heroku-nel","response_headers":["Via"],"max_age":3600,"success_fraction":0.01,"failure_fraction":0.1}
1 < pragma: no-cache
1 < report-to: {"group":"heroku-nel","endpoints":[{"url":"https://nel.heroku.com/reports?s=7gmfLxsoPV7xjE02LLCyStDo9COgOPQJe%2Fai85ruZrM%3D\u0026sid=e11707d5-02a7-43ef-b45e-2cf4d2036f7d\u0026ts=1771389172"}],"max_age":3600}
1 < reporting-endpoints: heroku-nel="https://nel.heroku.com/reports?s=7gmfLxsoPV7xjE02LLCyStDo9COgOPQJe%2Fai85ruZrM%3D&sid=e11707d5-02a7-43ef-b45e-2cf4d2036f7d&ts=1771389172"
1 < Server: cloudflare
1 < vary: Origin, X-HTTP-Method-Override, Accept-Encoding
1 < via: 2.0 heroku-router
1 < x-content-type-options: nosniff
1 < x-powered-by: Express
1 < x-ratelimit-limit: 1000
1 < x-ratelimit-remaining: 999
1 < x-ratelimit-reset: 1771389231
1 < cf-cache-status: DYNAMIC
1 < Server-Timing: cfCacheStatus;desc="DYNAMIC"
1 < Server-Timing: cfEdge;dur=7,cfOrigin;dur=163
1 < CF-RAY: 9cfacd960f9bf633-FOR
1 < alt-svc: h3=":443"; ma=86400
{
  "name": "Test User",
  "username": "testuser",
  "email": "test@user.com",
  "address": {
    "street": "Has No Name",
    "suite": "Apt. 123",
    "city": "Electri",
    "zipcode": "54321-6789"
  },
  "id": 11
}

23:32:51.398 [pool-1-thread-2] INFO  com.intuit.karate - [print] created id is:  11 
23:32:52.129 [pool-1-thread-1] DEBUG com.intuit.karate - response time in milliseconds: 814
2 < 200
2 < Date: Wed, 18 Feb 2026 04:32:53 GMT
2 < Content-Type: application/json; charset=utf-8
2 < Transfer-Encoding: chunked
2 < Connection: keep-alive
2 < access-control-allow-credentials: true
2 < Cache-Control: max-age=43200
2 < etag: W/"1fd-+2Y3G3w049iSZtw5t1mzSnunngE"
2 < expires: -1
2 < nel: {"report_to":"heroku-nel","response_headers":["Via"],"max_age":3600,"success_fraction":0.01,"failure_fraction":0.1}
2 < pragma: no-cache
2 < report-to: {"group":"heroku-nel","endpoints":[{"url":"https://nel.heroku.com/reports?s=jvZSiE%2FQvFq2MFA1oDRv1T5iGtC09UjVk2fS9W70mfU%3D\u0026sid=e11707d5-02a7-43ef-b45e-2cf4d2036f7d\u0026ts=1771312851"}],"max_age":3600}
2 < reporting-endpoints: heroku-nel="https://nel.heroku.com/reports?s=jvZSiE%2FQvFq2MFA1oDRv1T5iGtC09UjVk2fS9W70mfU%3D&sid=e11707d5-02a7-43ef-b45e-2cf4d2036f7d&ts=1771312851"
2 < Server: cloudflare
2 < vary: Origin, Accept-Encoding
2 < via: 2.0 heroku-router
2 < x-content-type-options: nosniff
2 < x-powered-by: Express
2 < x-ratelimit-limit: 1000
2 < x-ratelimit-remaining: 928
2 < x-ratelimit-reset: 1771312892
2 < Server-Timing: cfCacheStatus;desc="REVALIDATED"
2 < Server-Timing: cfEdge;dur=59,cfOrigin;dur=461
2 < cf-cache-status: REVALIDATED
2 < CF-RAY: 9cfacd987a9af61e-FOR
2 < alt-svc: h3=":443"; ma=86400
{
  "id": 1,
  "name": "Leanne Graham",
  "username": "Bret",
  "email": "Sincere@april.biz",
  "address": {
    "street": "Kulas Light",
    "suite": "Apt. 556",
    "city": "Gwenborough",
    "zipcode": "92998-3874",
    "geo": {
      "lat": "-37.3159",
      "lng": "81.1496"
    }
  },
  "phone": "1-770-736-8031 x56442",
  "website": "hildegard.org",
  "company": {
    "name": "Romaguera-Crona",
    "catchPhrase": "Multi-layered client-server neural-net",
    "bs": "harness real-time e-markets"
  }
}

23:32:53.239 [pool-2-thread-1] INFO  com.intuit.karate.Suite - <<pass>> feature 1 of 1 (0 remaining) classpath:examples/users/users.feature
23:33:44.100 [main] DEBUG com.intuit.karate.Suite - [config] classpath:karate-config.js
23:33:44.106 [main] INFO  com.intuit.karate.Suite - backed up existing 'target\karate-reports' dir to: target\karate-reports_1771389224103
23:33:45.722 [pool-2-thread-1] INFO  com.intuit.karate - karate.env system property was: null 
23:33:45.722 [pool-2-thread-2] INFO  com.intuit.karate - karate.env system property was: null 
23:33:46.814 [pool-2-thread-1] DEBUG com.intuit.karate - request:
1 > GET https://jsonplaceholder.typicode.com/users
1 > Host: jsonplaceholder.typicode.com
1 > Connection: Keep-Alive
1 > User-Agent: Apache-HttpClient/4.5.14 (Java/21.0.9)
1 > Accept-Encoding: gzip,deflate


23:33:46.814 [pool-2-thread-2] DEBUG com.intuit.karate - request:
1 > POST https://jsonplaceholder.typicode.com/users
1 > Content-Type: application/json; charset=UTF-8
1 > Content-Length: 160
1 > Host: jsonplaceholder.typicode.com
1 > Connection: Keep-Alive
1 > User-Agent: Apache-HttpClient/4.5.14 (Java/21.0.9)
1 > Accept-Encoding: gzip,deflate
{"name":"Test User","username":"testuser","email":"test@user.com","address":{"street":"Has No Name","suite":"Apt. 123","city":"Electri","zipcode":"54321-6789"}}

23:33:47.529 [pool-2-thread-1] DEBUG com.intuit.karate - response time in milliseconds: 708
1 < 200
1 < Date: Wed, 18 Feb 2026 04:33:48 GMT
1 < Content-Type: application/json; charset=utf-8
1 < Connection: keep-alive
1 < access-control-allow-credentials: true
1 < Cache-Control: max-age=43200
1 < etag: W/"160d-1eMSsxeJRfnVLRBmYJSbCiJZ1qQ"
1 < expires: -1
1 < nel: {"report_to":"heroku-nel","response_headers":["Via"],"max_age":3600,"success_fraction":0.01,"failure_fraction":0.1}
1 < pragma: no-cache
1 < report-to: {"group":"heroku-nel","endpoints":[{"url":"https://nel.heroku.com/reports?s=B%2FuQuBbpSjAYjlm%2F6L0%2Fq1k%2F9xvTexo8XnPe4S655Qk%3D\u0026sid=e11707d5-02a7-43ef-b45e-2cf4d2036f7d\u0026ts=1761678399"}],"max_age":3600}
1 < reporting-endpoints: heroku-nel="https://nel.heroku.com/reports?s=B%2FuQuBbpSjAYjlm%2F6L0%2Fq1k%2F9xvTexo8XnPe4S655Qk%3D&sid=e11707d5-02a7-43ef-b45e-2cf4d2036f7d&ts=1761678399"
1 < Server: cloudflare
1 < vary: Origin, Accept-Encoding
1 < via: 2.0 heroku-router
1 < x-content-type-options: nosniff
1 < x-powered-by: Express
1 < x-ratelimit-limit: 1000
1 < x-ratelimit-remaining: 999
1 < x-ratelimit-reset: 1761678430
1 < Age: 7565
1 < Accept-Ranges: bytes
1 < cf-cache-status: HIT
1 < Server-Timing: cfCacheStatus;desc="HIT"
1 < Server-Timing: cfEdge;dur=4,cfOrigin;dur=0
1 < CF-RAY: 9cfacef5cab0337d-MIA
1 < alt-svc: h3=":443"; ma=86400
[
  {
    "id": 1,
    "name": "Leanne Graham",
    "username": "Bret",
    "email": "Sincere@april.biz",
    "address": {
      "street": "Kulas Light",
      "suite": "Apt. 556",
      "city": "Gwenborough",
      "zipcode": "92998-3874",
      "geo": {
        "lat": "-37.3159",
        "lng": "81.1496"
      }
    },
    "phone": "1-770-736-8031 x56442",
    "website": "hildegard.org",
    "company": {
      "name": "Romaguera-Crona",
      "catchPhrase": "Multi-layered client-server neural-net",
      "bs": "harness real-time e-markets"
    }
  },
  {
    "id": 2,
    "name": "Ervin Howell",
    "username": "Antonette",
    "email": "Shanna@melissa.tv",
    "address": {
      "street": "Victor Plains",
      "suite": "Suite 879",
      "city": "Wisokyburgh",
      "zipcode": "90566-7771",
      "geo": {
        "lat": "-43.9509",
        "lng": "-34.4618"
      }
    },
    "phone": "010-692-6593 x09125",
    "website": "anastasia.net",
    "company": {
      "name": "Deckow-Crist",
      "catchPhrase": "Proactive didactic contingency",
      "bs": "synergize scalable supply-chains"
    }
  },
  {
    "id": 3,
    "name": "Clementine Bauch",
    "username": "Samantha",
    "email": "Nathan@yesenia.net",
    "address": {
      "street": "Douglas Extension",
      "suite": "Suite 847",
      "city": "McKenziehaven",
      "zipcode": "59590-4157",
      "geo": {
        "lat": "-68.6102",
        "lng": "-47.0653"
      }
    },
    "phone": "1-463-123-4447",
    "website": "ramiro.info",
    "company": {
      "name": "Romaguera-Jacobson",
      "catchPhrase": "Face to face bifurcated interface",
      "bs": "e-enable strategic applications"
    }
  },
  {
    "id": 4,
    "name": "Patricia Lebsack",
    "username": "Karianne",
    "email": "Julianne.OConner@kory.org",
    "address": {
      "street": "Hoeger Mall",
      "suite": "Apt. 692",
      "city": "South Elvis",
      "zipcode": "53919-4257",
      "geo": {
        "lat": "29.4572",
        "lng": "-164.2990"
      }
    },
    "phone": "493-170-9623 x156",
    "website": "kale.biz",
    "company": {
      "name": "Robel-Corkery",
      "catchPhrase": "Multi-tiered zero tolerance productivity",
      "bs": "transition cutting-edge web services"
    }
  },
  {
    "id": 5,
    "name": "Chelsey Dietrich",
    "username": "Kamren",
    "email": "Lucio_Hettinger@annie.ca",
    "address": {
      "street": "Skiles Walks",
      "suite": "Suite 351",
      "city": "Roscoeview",
      "zipcode": "33263",
      "geo": {
        "lat": "-31.8129",
        "lng": "62.5342"
      }
    },
    "phone": "(254)954-1289",
    "website": "demarco.info",
    "company": {
      "name": "Keebler LLC",
      "catchPhrase": "User-centric fault-tolerant solution",
      "bs": "revolutionize end-to-end systems"
    }
  },
  {
    "id": 6,
    "name": "Mrs. Dennis Schulist",
    "username": "Leopoldo_Corkery",
    "email": "Karley_Dach@jasper.info",
    "address": {
      "street": "Norberto Crossing",
      "suite": "Apt. 950",
      "city": "South Christy",
      "zipcode": "23505-1337",
      "geo": {
        "lat": "-71.4197",
        "lng": "71.7478"
      }
    },
    "phone": "1-477-935-8478 x6430",
    "website": "ola.org",
    "company": {
      "name": "Considine-Lockman",
      "catchPhrase": "Synchronised bottom-line interface",
      "bs": "e-enable innovative applications"
    }
  },
  {
    "id": 7,
    "name": "Kurtis Weissnat",
    "username": "Elwyn.Skiles",
    "email": "Telly.Hoeger@billy.biz",
    "address": {
      "street": "Rex Trail",
      "suite": "Suite 280",
      "city": "Howemouth",
      "zipcode": "58804-1099",
      "geo": {
        "lat": "24.8918",
        "lng": "21.8984"
      }
    },
    "phone": "210.067.6132",
    "website": "elvis.io",
    "company": {
      "name": "Johns Group",
      "catchPhrase": "Configurable multimedia task-force",
      "bs": "generate enterprise e-tailers"
    }
  },
  {
    "id": 8,
    "name": "Nicholas Runolfsdottir V",
    "username": "Maxime_Nienow",
    "email": "Sherwood@rosamond.me",
    "address": {
      "street": "Ellsworth Summit",
      "suite": "Suite 729",
      "city": "Aliyaview",
      "zipcode": "45169",
      "geo": {
        "lat": "-14.3990",
        "lng": "-120.7677"
      }
    },
    "phone": "586.493.6943 x140",
    "website": "jacynthe.com",
    "company": {
      "name": "Abernathy Group",
      "catchPhrase": "Implemented secondary concept",
      "bs": "e-enable extensible e-tailers"
    }
  },
  {
    "id": 9,
    "name": "Glenna Reichert",
    "username": "Delphine",
    "email": "Chaim_McDermott@dana.io",
    "address": {
      "street": "Dayna Park",
      "suite": "Suite 449",
      "city": "Bartholomebury",
      "zipcode": "76495-3109",
      "geo": {
        "lat": "24.6463",
        "lng": "-168.8889"
      }
    },
    "phone": "(775)976-6794 x41206",
    "website": "conrad.com",
    "company": {
      "name": "Yost and Sons",
      "catchPhrase": "Switchable contextually-based project",
      "bs": "aggregate real-time technologies"
    }
  },
  {
    "id": 10,
    "name": "Clementina DuBuque",
    "username": "Moriah.Stanton",
    "email": "Rey.Padberg@karina.biz",
    "address": {
      "street": "Kattie Turnpike",
      "suite": "Suite 198",
      "city": "Lebsackbury",
      "zipcode": "31428-2261",
      "geo": {
        "lat": "-38.2386",
        "lng": "57.2232"
      }
    },
    "phone": "024-648-3804",
    "website": "ambrose.net",
    "company": {
      "name": "Hoeger LLC",
      "catchPhrase": "Centralized empowering task-force",
      "bs": "target end-to-end models"
    }
  }
]

23:33:47.596 [pool-2-thread-2] DEBUG com.intuit.karate - response time in milliseconds: 780
1 < 201
1 < Date: Wed, 18 Feb 2026 04:33:48 GMT
1 < Content-Type: application/json; charset=utf-8
1 < Content-Length: 216
1 < Connection: keep-alive
1 < access-control-allow-credentials: true
1 < access-control-expose-headers: Location
1 < Cache-Control: no-cache
1 < etag: W/"d8-pYV7+YuMGP2hxHPU9ARrf97ifDA"
1 < expires: -1
1 < location: https://jsonplaceholder.typicode.com/users/11
1 < nel: {"report_to":"heroku-nel","response_headers":["Via"],"max_age":3600,"success_fraction":0.01,"failure_fraction":0.1}
1 < pragma: no-cache
1 < report-to: {"group":"heroku-nel","endpoints":[{"url":"https://nel.heroku.com/reports?s=jbgTWRT0wZsE%2BqUk7XgZzDxBVqsyUKl1y4O3pWdIkmM%3D\u0026sid=e11707d5-02a7-43ef-b45e-2cf4d2036f7d\u0026ts=1771389228"}],"max_age":3600}
1 < reporting-endpoints: heroku-nel="https://nel.heroku.com/reports?s=jbgTWRT0wZsE%2BqUk7XgZzDxBVqsyUKl1y4O3pWdIkmM%3D&sid=e11707d5-02a7-43ef-b45e-2cf4d2036f7d&ts=1771389228"
1 < Server: cloudflare
1 < vary: Origin, X-HTTP-Method-Override, Accept-Encoding
1 < via: 2.0 heroku-router
1 < x-content-type-options: nosniff
1 < x-powered-by: Express
1 < x-ratelimit-limit: 1000
1 < x-ratelimit-remaining: 997
1 < x-ratelimit-reset: 1771389231
1 < cf-cache-status: DYNAMIC
1 < Server-Timing: cfCacheStatus;desc="DYNAMIC"
1 < Server-Timing: cfEdge;dur=4,cfOrigin;dur=71
1 < CF-RAY: 9cfacef5c9245cf1-MIA
1 < alt-svc: h3=":443"; ma=86400
{
  "name": "Test User",
  "username": "testuser",
  "email": "test@user.com",
  "address": {
    "street": "Has No Name",
    "suite": "Apt. 123",
    "city": "Electri",
    "zipcode": "54321-6789"
  },
  "id": 11
}

23:33:47.609 [pool-2-thread-2] INFO  com.intuit.karate - [print] created id is:  11 
23:33:47.609 [pool-2-thread-1] DEBUG com.intuit.karate - request:
2 > GET https://jsonplaceholder.typicode.com/users/1
2 > Host: jsonplaceholder.typicode.com
2 > Connection: Keep-Alive
2 > User-Agent: Apache-HttpClient/4.5.14 (Java/21.0.9)
2 > Accept-Encoding: gzip,deflate


23:33:47.844 [pool-2-thread-1] DEBUG com.intuit.karate - response time in milliseconds: 233
2 < 200
2 < Date: Wed, 18 Feb 2026 04:33:48 GMT
2 < Content-Type: application/json; charset=utf-8
2 < Transfer-Encoding: chunked
2 < Connection: keep-alive
2 < access-control-allow-credentials: true
2 < Cache-Control: max-age=43200
2 < etag: W/"1fd-+2Y3G3w049iSZtw5t1mzSnunngE"
2 < expires: -1
2 < nel: {"report_to":"heroku-nel","response_headers":["Via"],"max_age":3600,"success_fraction":0.01,"failure_fraction":0.1}
2 < pragma: no-cache
2 < report-to: {"group":"heroku-nel","endpoints":[{"url":"https://nel.heroku.com/reports?s=V99xlG6xC21mI1pmv0CvI7PQXcX5aI2p8sdkz3bSyls%3D\u0026sid=e11707d5-02a7-43ef-b45e-2cf4d2036f7d\u0026ts=1771353366"}],"max_age":3600}
2 < reporting-endpoints: heroku-nel="https://nel.heroku.com/reports?s=V99xlG6xC21mI1pmv0CvI7PQXcX5aI2p8sdkz3bSyls%3D&sid=e11707d5-02a7-43ef-b45e-2cf4d2036f7d&ts=1771353366"
2 < Server: cloudflare
2 < vary: Origin, Accept-Encoding
2 < via: 2.0 heroku-router
2 < x-content-type-options: nosniff
2 < x-powered-by: Express
2 < x-ratelimit-limit: 1000
2 < x-ratelimit-remaining: 959
2 < x-ratelimit-reset: 1771353392
2 < Age: 7053
2 < Server-Timing: cfCacheStatus;desc="HIT"
2 < Server-Timing: cfEdge;dur=18,cfOrigin;dur=0
2 < cf-cache-status: HIT
2 < CF-RAY: 9cfacef7ce87ed31-MIA
2 < alt-svc: h3=":443"; ma=86400
{
  "id": 1,
  "name": "Leanne Graham",
  "username": "Bret",
  "email": "Sincere@april.biz",
  "address": {
    "street": "Kulas Light",
    "suite": "Apt. 556",
    "city": "Gwenborough",
    "zipcode": "92998-3874",
    "geo": {
      "lat": "-37.3159",
      "lng": "81.1496"
    }
  },
  "phone": "1-770-736-8031 x56442",
  "website": "hildegard.org",
  "company": {
    "name": "Romaguera-Crona",
    "catchPhrase": "Multi-layered client-server neural-net",
    "bs": "harness real-time e-markets"
  }
}

23:33:49.169 [pool-3-thread-1] INFO  com.intuit.karate.Suite - <<pass>> feature 1 of 1 (0 remaining) classpath:examples/users/users.feature
23:34:55.111 [main] DEBUG com.intuit.karate.Suite - [config] classpath:karate-config.js
23:34:55.120 [main] INFO  com.intuit.karate.Suite - backed up existing 'target\karate-reports' dir to: target\karate-reports_1771389295116
23:34:56.983 [pool-2-thread-2] INFO  com.intuit.karate - karate.env system property was: null 
23:34:56.983 [pool-2-thread-1] INFO  com.intuit.karate - karate.env system property was: null 
23:34:57.438 [pool-2-thread-1] DEBUG com.intuit.karate - request:
1 > GET https://jsonplaceholder.typicode.com/users
1 > Host: jsonplaceholder.typicode.com
1 > Connection: Keep-Alive
1 > User-Agent: Apache-HttpClient/4.5.14 (Java/21.0.9)
1 > Accept-Encoding: gzip,deflate


23:34:57.438 [pool-2-thread-2] DEBUG com.intuit.karate - request:
1 > POST https://jsonplaceholder.typicode.com/users
1 > Content-Type: application/json; charset=UTF-8
1 > Content-Length: 160
1 > Host: jsonplaceholder.typicode.com
1 > Connection: Keep-Alive
1 > User-Agent: Apache-HttpClient/4.5.14 (Java/21.0.9)
1 > Accept-Encoding: gzip,deflate
{"name":"Test User","username":"testuser","email":"test@user.com","address":{"street":"Has No Name","suite":"Apt. 123","city":"Electri","zipcode":"54321-6789"}}

23:34:57.934 [pool-2-thread-1] DEBUG com.intuit.karate - response time in milliseconds: 489
1 < 200
1 < Date: Wed, 18 Feb 2026 04:34:58 GMT
1 < Content-Type: application/json; charset=utf-8
1 < Connection: keep-alive
1 < access-control-allow-credentials: true
1 < Cache-Control: max-age=43200
1 < etag: W/"160d-1eMSsxeJRfnVLRBmYJSbCiJZ1qQ"
1 < expires: -1
1 < nel: {"report_to":"heroku-nel","response_headers":["Via"],"max_age":3600,"success_fraction":0.01,"failure_fraction":0.1}
1 < pragma: no-cache
1 < report-to: {"group":"heroku-nel","endpoints":[{"url":"https://nel.heroku.com/reports?s=B%2FuQuBbpSjAYjlm%2F6L0%2Fq1k%2F9xvTexo8XnPe4S655Qk%3D\u0026sid=e11707d5-02a7-43ef-b45e-2cf4d2036f7d\u0026ts=1761678399"}],"max_age":3600}
1 < reporting-endpoints: heroku-nel="https://nel.heroku.com/reports?s=B%2FuQuBbpSjAYjlm%2F6L0%2Fq1k%2F9xvTexo8XnPe4S655Qk%3D&sid=e11707d5-02a7-43ef-b45e-2cf4d2036f7d&ts=1761678399"
1 < Server: cloudflare
1 < vary: Origin, Accept-Encoding
1 < via: 2.0 heroku-router
1 < x-content-type-options: nosniff
1 < x-powered-by: Express
1 < x-ratelimit-limit: 1000
1 < x-ratelimit-remaining: 999
1 < x-ratelimit-reset: 1761678430
1 < Age: 7635
1 < Accept-Ranges: bytes
1 < cf-cache-status: HIT
1 < Server-Timing: cfCacheStatus;desc="HIT"
1 < Server-Timing: cfEdge;dur=5,cfOrigin;dur=0
1 < CF-RAY: 9cfad0adda647489-MIA
1 < alt-svc: h3=":443"; ma=86400
[
  {
    "id": 1,
    "name": "Leanne Graham",
    "username": "Bret",
    "email": "Sincere@april.biz",
    "address": {
      "street": "Kulas Light",
      "suite": "Apt. 556",
      "city": "Gwenborough",
      "zipcode": "92998-3874",
      "geo": {
        "lat": "-37.3159",
        "lng": "81.1496"
      }
    },
    "phone": "1-770-736-8031 x56442",
    "website": "hildegard.org",
    "company": {
      "name": "Romaguera-Crona",
      "catchPhrase": "Multi-layered client-server neural-net",
      "bs": "harness real-time e-markets"
    }
  },
  {
    "id": 2,
    "name": "Ervin Howell",
    "username": "Antonette",
    "email": "Shanna@melissa.tv",
    "address": {
      "street": "Victor Plains",
      "suite": "Suite 879",
      "city": "Wisokyburgh",
      "zipcode": "90566-7771",
      "geo": {
        "lat": "-43.9509",
        "lng": "-34.4618"
      }
    },
    "phone": "010-692-6593 x09125",
    "website": "anastasia.net",
    "company": {
      "name": "Deckow-Crist",
      "catchPhrase": "Proactive didactic contingency",
      "bs": "synergize scalable supply-chains"
    }
  },
  {
    "id": 3,
    "name": "Clementine Bauch",
    "username": "Samantha",
    "email": "Nathan@yesenia.net",
    "address": {
      "street": "Douglas Extension",
      "suite": "Suite 847",
      "city": "McKenziehaven",
      "zipcode": "59590-4157",
      "geo": {
        "lat": "-68.6102",
        "lng": "-47.0653"
      }
    },
    "phone": "1-463-123-4447",
    "website": "ramiro.info",
    "company": {
      "name": "Romaguera-Jacobson",
      "catchPhrase": "Face to face bifurcated interface",
      "bs": "e-enable strategic applications"
    }
  },
  {
    "id": 4,
    "name": "Patricia Lebsack",
    "username": "Karianne",
    "email": "Julianne.OConner@kory.org",
    "address": {
      "street": "Hoeger Mall",
      "suite": "Apt. 692",
      "city": "South Elvis",
      "zipcode": "53919-4257",
      "geo": {
        "lat": "29.4572",
        "lng": "-164.2990"
      }
    },
    "phone": "493-170-9623 x156",
    "website": "kale.biz",
    "company": {
      "name": "Robel-Corkery",
      "catchPhrase": "Multi-tiered zero tolerance productivity",
      "bs": "transition cutting-edge web services"
    }
  },
  {
    "id": 5,
    "name": "Chelsey Dietrich",
    "username": "Kamren",
    "email": "Lucio_Hettinger@annie.ca",
    "address": {
      "street": "Skiles Walks",
      "suite": "Suite 351",
      "city": "Roscoeview",
      "zipcode": "33263",
      "geo": {
        "lat": "-31.8129",
        "lng": "62.5342"
      }
    },
    "phone": "(254)954-1289",
    "website": "demarco.info",
    "company": {
      "name": "Keebler LLC",
      "catchPhrase": "User-centric fault-tolerant solution",
      "bs": "revolutionize end-to-end systems"
    }
  },
  {
    "id": 6,
    "name": "Mrs. Dennis Schulist",
    "username": "Leopoldo_Corkery",
    "email": "Karley_Dach@jasper.info",
    "address": {
      "street": "Norberto Crossing",
      "suite": "Apt. 950",
      "city": "South Christy",
      "zipcode": "23505-1337",
      "geo": {
        "lat": "-71.4197",
        "lng": "71.7478"
      }
    },
    "phone": "1-477-935-8478 x6430",
    "website": "ola.org",
    "company": {
      "name": "Considine-Lockman",
      "catchPhrase": "Synchronised bottom-line interface",
      "bs": "e-enable innovative applications"
    }
  },
  {
    "id": 7,
    "name": "Kurtis Weissnat",
    "username": "Elwyn.Skiles",
    "email": "Telly.Hoeger@billy.biz",
    "address": {
      "street": "Rex Trail",
      "suite": "Suite 280",
      "city": "Howemouth",
      "zipcode": "58804-1099",
      "geo": {
        "lat": "24.8918",
        "lng": "21.8984"
      }
    },
    "phone": "210.067.6132",
    "website": "elvis.io",
    "company": {
      "name": "Johns Group",
      "catchPhrase": "Configurable multimedia task-force",
      "bs": "generate enterprise e-tailers"
    }
  },
  {
    "id": 8,
    "name": "Nicholas Runolfsdottir V",
    "username": "Maxime_Nienow",
    "email": "Sherwood@rosamond.me",
    "address": {
      "street": "Ellsworth Summit",
      "suite": "Suite 729",
      "city": "Aliyaview",
      "zipcode": "45169",
      "geo": {
        "lat": "-14.3990",
        "lng": "-120.7677"
      }
    },
    "phone": "586.493.6943 x140",
    "website": "jacynthe.com",
    "company": {
      "name": "Abernathy Group",
      "catchPhrase": "Implemented secondary concept",
      "bs": "e-enable extensible e-tailers"
    }
  },
  {
    "id": 9,
    "name": "Glenna Reichert",
    "username": "Delphine",
    "email": "Chaim_McDermott@dana.io",
    "address": {
      "street": "Dayna Park",
      "suite": "Suite 449",
      "city": "Bartholomebury",
      "zipcode": "76495-3109",
      "geo": {
        "lat": "24.6463",
        "lng": "-168.8889"
      }
    },
    "phone": "(775)976-6794 x41206",
    "website": "conrad.com",
    "company": {
      "name": "Yost and Sons",
      "catchPhrase": "Switchable contextually-based project",
      "bs": "aggregate real-time technologies"
    }
  },
  {
    "id": 10,
    "name": "Clementina DuBuque",
    "username": "Moriah.Stanton",
    "email": "Rey.Padberg@karina.biz",
    "address": {
      "street": "Kattie Turnpike",
      "suite": "Suite 198",
      "city": "Lebsackbury",
      "zipcode": "31428-2261",
      "geo": {
        "lat": "-38.2386",
        "lng": "57.2232"
      }
    },
    "phone": "024-648-3804",
    "website": "ambrose.net",
    "company": {
      "name": "Hoeger LLC",
      "catchPhrase": "Centralized empowering task-force",
      "bs": "target end-to-end models"
    }
  }
]

23:34:57.958 [pool-2-thread-1] DEBUG com.intuit.karate - request:
2 > GET https://jsonplaceholder.typicode.com/users/1
2 > Host: jsonplaceholder.typicode.com
2 > Connection: Keep-Alive
2 > User-Agent: Apache-HttpClient/4.5.14 (Java/21.0.9)
2 > Accept-Encoding: gzip,deflate


23:34:57.991 [pool-2-thread-2] DEBUG com.intuit.karate - response time in milliseconds: 553
1 < 201
1 < Date: Wed, 18 Feb 2026 04:34:58 GMT
1 < Content-Type: application/json; charset=utf-8
1 < Content-Length: 216
1 < Connection: keep-alive
1 < access-control-allow-credentials: true
1 < access-control-expose-headers: Location
1 < Cache-Control: no-cache
1 < etag: W/"d8-pYV7+YuMGP2hxHPU9ARrf97ifDA"
1 < expires: -1
1 < location: https://jsonplaceholder.typicode.com/users/11
1 < nel: {"report_to":"heroku-nel","response_headers":["Via"],"max_age":3600,"success_fraction":0.01,"failure_fraction":0.1}
1 < pragma: no-cache
1 < report-to: {"group":"heroku-nel","endpoints":[{"url":"https://nel.heroku.com/reports?s=U2wfCBLMtEci6LaBaA%2BsvbjguBlhGQ%2Bk%2FzIOXQlzCDw%3D\u0026sid=e11707d5-02a7-43ef-b45e-2cf4d2036f7d\u0026ts=1771389298"}],"max_age":3600}
1 < reporting-endpoints: heroku-nel="https://nel.heroku.com/reports?s=U2wfCBLMtEci6LaBaA%2BsvbjguBlhGQ%2Bk%2FzIOXQlzCDw%3D&sid=e11707d5-02a7-43ef-b45e-2cf4d2036f7d&ts=1771389298"
1 < Server: cloudflare
1 < vary: Origin, X-HTTP-Method-Override, Accept-Encoding
1 < via: 2.0 heroku-router
1 < x-content-type-options: nosniff
1 < x-powered-by: Express
1 < x-ratelimit-limit: 1000
1 < x-ratelimit-remaining: 999
1 < x-ratelimit-reset: 1771389351
1 < cf-cache-status: DYNAMIC
1 < Server-Timing: cfCacheStatus;desc="DYNAMIC"
1 < Server-Timing: cfEdge;dur=8,cfOrigin;dur=71
1 < CF-RAY: 9cfad0addab8b989-MIA
1 < alt-svc: h3=":443"; ma=86400
{
  "name": "Test User",
  "username": "testuser",
  "email": "test@user.com",
  "address": {
    "street": "Has No Name",
    "suite": "Apt. 123",
    "city": "Electri",
    "zipcode": "54321-6789"
  },
  "id": 11
}

23:34:58.000 [pool-2-thread-2] INFO  com.intuit.karate - [print] created id is:  11 
23:34:58.183 [pool-2-thread-1] DEBUG com.intuit.karate - response time in milliseconds: 225
2 < 200
2 < Date: Wed, 18 Feb 2026 04:34:59 GMT
2 < Content-Type: application/json; charset=utf-8
2 < Transfer-Encoding: chunked
2 < Connection: keep-alive
2 < access-control-allow-credentials: true
2 < Cache-Control: max-age=43200
2 < etag: W/"1fd-+2Y3G3w049iSZtw5t1mzSnunngE"
2 < expires: -1
2 < nel: {"report_to":"heroku-nel","response_headers":["Via"],"max_age":3600,"success_fraction":0.01,"failure_fraction":0.1}
2 < pragma: no-cache
2 < report-to: {"group":"heroku-nel","endpoints":[{"url":"https://nel.heroku.com/reports?s=V99xlG6xC21mI1pmv0CvI7PQXcX5aI2p8sdkz3bSyls%3D\u0026sid=e11707d5-02a7-43ef-b45e-2cf4d2036f7d\u0026ts=1771353366"}],"max_age":3600}
2 < reporting-endpoints: heroku-nel="https://nel.heroku.com/reports?s=V99xlG6xC21mI1pmv0CvI7PQXcX5aI2p8sdkz3bSyls%3D&sid=e11707d5-02a7-43ef-b45e-2cf4d2036f7d&ts=1771353366"
2 < Server: cloudflare
2 < vary: Origin, Accept-Encoding
2 < via: 2.0 heroku-router
2 < x-content-type-options: nosniff
2 < x-powered-by: Express
2 < x-ratelimit-limit: 1000
2 < x-ratelimit-remaining: 959
2 < x-ratelimit-reset: 1771353392
2 < Age: 7124
2 < Server-Timing: cfCacheStatus;desc="HIT"
2 < Server-Timing: cfEdge;dur=5,cfOrigin;dur=0
2 < cf-cache-status: HIT
2 < CF-RAY: 9cfad0af7c8a194e-MIA
2 < alt-svc: h3=":443"; ma=86400
{
  "id": 1,
  "name": "Leanne Graham",
  "username": "Bret",
  "email": "Sincere@april.biz",
  "address": {
    "street": "Kulas Light",
    "suite": "Apt. 556",
    "city": "Gwenborough",
    "zipcode": "92998-3874",
    "geo": {
      "lat": "-37.3159",
      "lng": "81.1496"
    }
  },
  "phone": "1-770-736-8031 x56442",
  "website": "hildegard.org",
  "company": {
    "name": "Romaguera-Crona",
    "catchPhrase": "Multi-layered client-server neural-net",
    "bs": "harness real-time e-markets"
  }
}

23:34:59.230 [pool-3-thread-1] INFO  com.intuit.karate.Suite - <<pass>> feature 1 of 1 (0 remaining) classpath:examples/users/users.feature
